,MODELS,VERSION,BRANDS,Fuel,MODEL_YEAR,RTO,Transmission,OWNER,KM_DRIVEN,Location,EMI,FINAL_PRICE,ACTUAL_PRICE,Discount_Amount,CAR_AGE
0,Dzire,VXI,Maruti,Petrol,2021,TS-15,Manual,1,17294,Hyderabad,13470,689000,689000,0,2
1,Ertiga,ZXI,Maruti,Petrol,2015,TS-08,Manual,1,96184,Hyderabad,12629,646000,674000,28000,8
2,Dzire,VXI,Maruti,Petrol,2020,TS-10,Manual,1,88126,Hyderabad,13138,672000,720000,48000,3
3,Baleno,ZETA CVT PETROL 1.2Automatic,Maruti,Petrol,2021,TS-13,Automatic,1,45356,Hyderabad,15912,836000,836000,0,2
4,Celerio,ZXI (O),Maruti,Petrol,2019,TS-34,Manual,2,84161,Hyderabad,9912,507000,539000,32000,4
5,Alto,LXI,Maruti,Petrol,2010,AP-09,Manual,1,55024,Hyderabad,3343,171000,183000,12000,13
6,K10,VXI,Maruti,Petrol,2015,TS-07,Manual,1,111046,Hyderabad,4399,225000,237000,12000,8
7,Dzire,VDI,Maruti,Diesel,2013,AP-13,Manual,1,99860,Hyderabad,8328,426000,466000,40000,10
8,800,LXI,Maruti,Petrol,2016,TS-07,Manual,2,60610,Hyderabad,4653,238000,267000,29000,7
9,Brezza,VDI,Maruti,Diesel,2019,TS-08,Manual,1,109271,Hyderabad,15190,777000,810000,33000,4
10,Ritz,VXI GENUS,Maruti,Petrol,2010,AP-09,Manual,1,63764,Hyderabad,5767,295000,295000,0,13
11,Baleno,ZETA PETROL 1.2,Maruti,Petrol,2018,TS-08,Manual,1,30525,Hyderabad,11984,613000,635000,22000,5
12,BREZZA,ZXI SMART HYBRID ,Maruti,Petrol,2023,TS-08,Manual,1,6604,Hyderabad,23945,1258000,1271000,13000,0
14,Swift,LXI,Maruti,Petrol,2021,TS-15,Manual,1,118937,Hyderabad,10850,555000,612000,57000,2
15,Swift,VXI,Maruti,Petrol,2013,AP-09,Manual,2,121617,Hyderabad,7194,368000,390000,22000,10
16,Brezza,ZDI,Maruti,Diesel,2017,TS-08,Manual,1,64285,Hyderabad,15380,808000,824000,16000,6
17,Dzire,ZDI AMTAutomatic,Maruti,Diesel,2016,TS-08,Automatic,1,85948,Hyderabad,12160,622000,669000,47000,7
18,Brezza,VDI,Maruti,Diesel,2018,TS-07,Manual,1,86219,Hyderabad,13900,711000,724000,13000,5
19,Dzire,VXI,Maruti,Petrol,2016,TS-08,Manual,1,87113,Hyderabad,10225,523000,544000,21000,7
20,i20,ASTA 1.2,Hyundai,Petrol,2013,AP-28,Manual,2,74743,Hyderabad,7527,385000,415000,30000,10
21,Xcent,SX 1.2 (O),Hyundai,Petrol,2014,TS-10,Manual,1,57782,Hyderabad,8700,445000,466000,21000,9
22,i20,MAGNA (O) 1.4 CRDI,Hyundai,Diesel,2011,AP-10,Manual,2,89927,Hyderabad,5455,279000,279000,0,12
23,i10,MAGNA 1.2,Hyundai,Petrol,2010,AP-29,Manual,1,69541,Hyderabad,4477,229000,229000,0,13
24,VENUE,SX PLUS 1.0 TURBO DCTAutomatic,Hyundai,Petrol,2019,TS-28,Automatic,1,94953,Hyderabad,18634,979000,1006000,27000,4
25,Eon,MAGNA +,Hyundai,Petrol,2017,TS-08,Manual,1,43914,Hyderabad,5357,274000,287000,13000,6
26,Eon,D-LITE+,Hyundai,Petrol,2012,AP-29,Manual,1,20073,Hyderabad,4379,224000,224000,0,11
27,i20,SPORTZ PLUS 1.2,Hyundai,Petrol,2020,TS-07,Manual,1,51216,Hyderabad,14936,764000,764000,0,3
28,Xing,GLS,Hyundai,Petrol,2010,AP-23,Manual,2,90566,Hyderabad,3812,195000,211000,16000,13
29,Eon,SPORTZ,Hyundai,Petrol,2016,TS-07,Manual,2,68336,Hyderabad,5650,289000,336000,47000,7
30,Verna,FLUIDIC 1.6 CRDI SX,Hyundai,Diesel,2014,TS-11,Manual,3,87449,Hyderabad,10968,561000,578000,17000,9
31,Elantra,1.6 SX (O) AT DIESELAutomatic,Hyundai,Diesel,2018,TS-07,Automatic,1,81405,Hyderabad,23298,1224000,1368000,144000,5
32,Eon,ERA +,Hyundai,Petrol,2013,AP-28,Manual,1,89895,Hyderabad,4379,224000,242000,18000,10
33,i10,MAGNA 1.2,Hyundai,Petrol,2013,AP-36,Manual,1,72473,Hyderabad,5846,299000,333000,34000,10
34,Verna,SX 1.5 VTVT,Hyundai,Petrol,2021,TS-15,Manual,1,19076,Hyderabad,19921,1046600,1090000,43400,2
35,Verna,1.6 CRDI SX + ATAutomatic,Hyundai,Diesel,2019,TS-13,Automatic,2,67370,Hyderabad,19472,1023000,1098000,75000,4
36,VENUE,SX 1.0 TURBO IMT,Hyundai,Petrol,2022,TS-07,Manual,1,15817,Hyderabad,19072,1002000,1030000,28000,1
37,Eon,MAGNA +,Hyundai,Petrol,2013,AP-13,Manual,1,91568,Hyderabad,4575,234000,245000,11000,10
38,Verna,1.6 VTVT SX,Hyundai,Petrol,2017,TS-09,Manual,1,30811,Hyderabad,15425,789000,883000,94000,6
39,i10,SPORTZ 1.1,Hyundai,Petrol,2014,TS-09,Manual,1,87773,Hyderabad,6393,327000,340000,13000,9
40,Amaze,1.2L I-VTEC SX,Honda,Petrol,2015,TS-07,Manual,2,80687,Hyderabad,8504,435000,435000,0,8
41,Amaze,1.2L I-VTEC VX,Honda,Petrol,2019,TS-07,Manual,1,54042,Hyderabad,13040,667000,751000,84000,4
42,City,1.5L I-DTEC S,Honda,Diesel,2015,TS-09,Manual,2,90445,Hyderabad,9169,469000,492000,23000,8
43,WR-V,1.2 i-VTEC VX MT,Honda,Petrol,2018,TS-36,Manual,2,27581,Hyderabad,12805,655000,852000,197000,5
44,Amaze,1.2L I-VTEC S,Honda,Petrol,2015,TS-16,Manual,2,76438,Hyderabad,8133,416000,463000,47000,8
45,City,1.5L I-VTEC VX CVTAutomatic,Honda,Petrol,2017,TS-09,Automatic,1,59261,Hyderabad,19129,1005000,1026000,21000,6
46,City,1.5L I-VTEC V MT,Honda,Petrol,2014,TS-07,Manual,2,109832,Hyderabad,9071,464000,525000,61000,9
47,Amaze,1.2L I-VTEC S,Honda,Petrol,2019,TS-13,Manual,2,37566,Hyderabad,12160,622000,647000,25000,4
48,Amaze,1.2L I-VTEC S,Honda,Petrol,2021,TS-07,Manual,1,16925,Hyderabad,13802,706000,750000,44000,2
49,Civic,1.6L I-DTEC VX MT,Honda,Diesel,2019,TS-10,Manual,1,48114,Hyderabad,29255,1537000,1605000,68000,4
50,Brio,VX MT,Honda,Petrol,2015,TS-15,Manual,2,82956,Hyderabad,6843,350000,367000,17000,8
51,Brio,S MT,Honda,Petrol,2012,AP-11,Manual,2,95178,Hyderabad,5220,267000,292000,25000,11
52,City,1.5L I-VTEC SV CVTAutomatic,Honda,Petrol,2014,AP-13,Automatic,2,62015,Hyderabad,10655,545000,622000,77000,9
53,Brio,S MT,Honda,Petrol,2016,TS-10,Manual,2,54515,Hyderabad,7390,378000,419000,41000,7
54,Brio,VX ATAutomatic,Honda,Petrol,2013,AP-10,Automatic,1,70687,Hyderabad,7585,388000,405000,17000,10
55,City,1.5L I-DTEC VX,Honda,Diesel,2014,TS-09,Manual,2,79189,Hyderabad,10381,531000,572000,41000,9
56,City,1.5L I-DTEC V,Honda,Diesel,2018,TS-32,Manual,1,75410,Hyderabad,15912,836000,853000,17000,5
57,City,1.5L I-VTEC E MT,Honda,Petrol,2012,AP-10,Manual,3,88471,Hyderabad,8055,412000,453000,41000,11
58,Amaze,1.2L I-VTEC VX,Honda,Petrol,2018,TS-13,Manual,1,44996,Hyderabad,12649,647000,655000,8000,5
59,Jazz,1.2L I-VTEC S ATAutomatic,Honda,Petrol,2016,TS-11,Automatic,1,40404,Hyderabad,10753,550000,598000,48000,7
60,Kwid,CLIMBER 1.0 (O),Renault,Petrol,2020,TS-28,Manual,2,49893,Hyderabad,8680,444000,470000,26000,3
61,Kwid,RXL 1.0 AMTAutomatic,Renault,Petrol,2017,TS-07,Automatic,1,24092,Hyderabad,7351,376000,388000,12000,6
62,Kwid,RXT 1.0,Renault,Petrol,2017,TS-08,Manual,1,65192,Hyderabad,5728,293000,309000,16000,6
63,Kwid,RXT 0.8 (O),Renault,Petrol,2016,TS-09,Manual,2,42203,Hyderabad,5670,290000,307000,17000,7
64,Duster,85 PS RXL DIESEL,Renault,Diesel,2012,TS-09,Manual,1,67879,Hyderabad,7488,383000,405000,22000,11
65,Kwid,RXT 1.0,Renault,Petrol,2017,TS-10,Manual,1,29011,Hyderabad,6510,333000,346000,13000,6
66,Kwid,RXT 1.0 (O),Renault,Petrol,2016,TS-07,Manual,2,41832,Hyderabad,5787,296000,317000,21000,7
67,Kwid,RXT,Renault,Petrol,2019,TS-11,Manual,2,44363,Hyderabad,7273,372000,451000,79000,4
68,Duster,85 PS RXL DIESEL (OPT),Renault,Diesel,2013,AP-12,Manual,1,76134,Hyderabad,7976,408000,432000,24000,10
69,Kwid,RXT 1.0 AMT (O)Automatic,Renault,Petrol,2018,TS-08,Automatic,1,48556,Hyderabad,7566,387000,405000,18000,5
70,Kwid,1.0 MARVEL CAPTAIN AMERICA EDITION AMTAutomatic,Renault,Petrol,2018,TS-07,Automatic,2,74542,Hyderabad,7605,389000,419000,30000,5
71,TRIBER,RXZ,Renault,Petrol,2019,TS-03,Manual,1,66518,Hyderabad,12258,627000,637000,10000,4
72,Kwid,RXT 1.0,Renault,Petrol,2018,TS-07,Manual,1,84020,Hyderabad,6628,339000,346000,7000,5
73,Kwid,CLIMBER 1.0 AMTAutomatic,Renault,Petrol,2018,TS-09,Automatic,1,37830,Hyderabad,8074,413000,418000,5000,5
74,TRIBER,RXT AMTAutomatic,Renault,Petrol,2022,TS-07,Automatic,1,29302,Hyderabad,15054,770000,830000,60000,1
75,Kwid,RXT 1.0,Renault,Petrol,2017,TS-08,Manual,2,39992,Hyderabad,6530,334000,348000,14000,6
76,TRIBER,RXL MT,Renault,Petrol,2022,TS-08,Manual,1,39316,Hyderabad,13177,674000,694000,20000,1
77,Kwid,CLIMBER 1.0,Renault,Petrol,2019,TS-10,Manual,2,36221,Hyderabad,7957,407000,418000,11000,4
78,Kwid,CLIMBER MT 1.0,Renault,Petrol,2022,TS-07,Manual,1,6580,Hyderabad,10792,552000,604000,52000,1
79,Kwid,RXT 1.0 EASY-R  ATAutomatic,Renault,Petrol,2018,TS-08,Automatic,1,97709,Hyderabad,7644,391000,425000,34000,5
80,Tiago,XZ PETROL,Tata,Petrol,2017,TS-11,Manual,1,38500,Hyderabad,8524,436000,436000,0,6
81,TIGOR,XZ (O) PETROL,Tata,Petrol,2017,TS-08,Manual,1,94797,Hyderabad,9580,490000,504000,14000,6
82,Safari,XZA PLUSAutomatic,Tata,Diesel,2021,TS-07,Automatic,1,39163,Hyderabad,38144,2004000,2056000,52000,2
83,Safari,XT PLUS,Tata,Diesel,2021,TS-15,Manual,1,31083,Hyderabad,33234,1746000,1982000,236000,2
84,NEXON,XM SUNROOF PETROL,Tata,Petrol,2021,TS-35,Manual,1,44641,Hyderabad,16369,860000,896000,36000,2
85,Tiago,XZA PETROLAutomatic,Tata,Petrol,2018,TS-08,Automatic,1,97982,Hyderabad,9716,497000,590000,93000,5
86,TIGOR,XZ PETROL,Tata,Petrol,2021,TS-07,Manual,1,14867,Hyderabad,12473,638000,687000,49000,2
87,Tiago,XZ PETROL,Tata,Petrol,2019,TS-08,Manual,1,40689,Hyderabad,10088,516000,550000,34000,4
88,ALTROZ,XZ PETROL,Tata,Petrol,2020,TS-08,Manual,2,41382,Hyderabad,13802,706000,804000,98000,3
89,ALTROZ,XT I-TURBO PETROL,Tata,Petrol,2021,TS-08,Manual,1,12280,Hyderabad,14545,744000,857000,113000,2
90,Tiago,XZ PETROL,Tata,Petrol,2018,TS-08,Manual,3,57380,Hyderabad,9619,492000,516000,24000,5
91,NEXON,XM SUNROOF PETROL,Tata,Petrol,2022,TS-24,Manual,1,49091,Hyderabad,16788,882000,911000,29000,1
92,ALTROZ,XZ 1.5 RTQ,Tata,Diesel,2021,TS-17,Manual,1,61626,Hyderabad,15817,831000,987000,156000,2
93,Tiago,XT PETROL,Tata,Petrol,2021,TS-07,Manual,1,30224,Hyderabad,11359,581000,624000,43000,2
94,NEXON,XZ PLUS DIESEL DARK EDITION,Tata,Diesel,2022,TS-08,Manual,1,55420,Hyderabad,21375,1123000,1183000,60000,1
95,NEXON,XMA PLUS SUNROOF PETROLAutomatic,Tata,Petrol,2022,TS-27,Automatic,1,17400,Hyderabad,19034,1000000,1044000,44000,1
96,ALTROZ,XT I-TURBO PETROL,Tata,Petrol,2021,TS-09,Manual,2,31750,Hyderabad,14584,746000,810000,64000,2
97,Tiago,XZA PLUS DUAL TONE PETROLAutomatic,Tata,Petrol,2021,TS-07,Automatic,2,15606,Hyderabad,15073,771000,777000,6000,2
98,NEXON,XM DIESEL,Tata,Diesel,2022,TS-07,Manual,1,11254,Hyderabad,18596,977000,1017000,40000,1
99,NEXON,XZ PLUS PETROL DUAL TONE,Tata,Petrol,2019,TS-09,Manual,2,48951,Hyderabad,15227,800000,816000,16000,4
100,Go,T,Datsun,Petrol,2017,TS-09,Manual,1,72762,Hyderabad,5455,279000,326000,47000,6
101,Go,A,Datsun,Petrol,2019,TS-08,Manual,2,32329,Hyderabad,5611,287000,303000,16000,4
102,Go,T,Datsun,Petrol,2016,TS-10,Manual,1,67429,Hyderabad,5591,286000,305000,19000,7
103,Go,S 1.0 AMTAutomatic,Datsun,Petrol,2018,TS-09,Automatic,1,34657,Hyderabad,6139,314000,321000,7000,5
104,Go,T (O),Datsun,Petrol,2017,TS-07,Manual,1,79958,Hyderabad,5318,272000,272000,0,6
105,Go,T,Datsun,Petrol,2017,TS-08,Manual,1,85298,Hyderabad,6002,307000,325000,18000,6
106,Go,T(O),Datsun,Petrol,2021,TS-11,Manual,1,24021,Hyderabad,9052,463000,472000,9000,2
107,Go,S,Datsun,Petrol,2017,TS-07,Manual,1,28545,Hyderabad,5826,298000,298000,0,6
108,Go,S 1.0 AMTAutomatic,Datsun,Petrol,2018,TS-09,Automatic,1,16097,Hyderabad,6960,356000,363000,7000,5
109,Go,T (O),Datsun,Petrol,2017,TS-08,Manual,2,65094,Hyderabad,5337,273000,286000,13000,6
110,Go,T,Datsun,Petrol,2018,TS-08,Manual,1,67527,Hyderabad,6588,337000,346000,9000,5
111,Go,T,Datsun,Petrol,2018,TS-09,Manual,2,62680,Hyderabad,7312,374000,374000,0,5
112,Go,S,Datsun,Petrol,2019,TS-07,Manual,2,58547,Hyderabad,6667,341000,361000,20000,4
113,Plus,T,Datsun,Petrol,2021,TS-25,Manual,1,48957,Hyderabad,10987,562000,596000,34000,2
114,Plus,T,Datsun,Petrol,2018,TS-08,Manual,1,45955,Hyderabad,7976,408000,426000,18000,5
115,Go,T(O),Datsun,Petrol,2019,TS-22,Manual,1,64447,Hyderabad,8446,432000,444000,12000,4
116,Go,T (O),Datsun,Petrol,2018,TS-10,Manual,1,21411,Hyderabad,6530,334000,334000,0,5
117,Plus,T,Datsun,Petrol,2019,TS-07,Manual,3,62674,Hyderabad,8426,431000,448000,17000,4
118,Go,T (O),Datsun,Petrol,2020,TS-10,Manual,2,19205,Hyderabad,7859,402000,437000,35000,3
119,Go,1.0 T(O),Datsun,Petrol,2021,TS-08,Manual,1,18569,Hyderabad,8739,447000,483000,36000,2
120,Polo,HIGHLINE1.5L,Volkswagen,Diesel,2014,TS-07,Manual,1,80147,Hyderabad,8661,443000,443000,0,9
121,Vento,COMFORTLINE DIESEL 1.6,Volkswagen,Diesel,2013,AP-10,Manual,2,110807,Hyderabad,7351,376000,395000,19000,10
122,Ameo,COMFORTLINE 1.0L,Volkswagen,Petrol,2019,TS-09,Manual,1,46451,Hyderabad,11105,568000,608000,40000,4
123,Polo,COMFORTLINE PLUS 1.0L MPI,Volkswagen,Petrol,2021,TS-07,Manual,1,30088,Hyderabad,14311,732000,772000,40000,2
124,Polo,HIGHLINE1.5L,Volkswagen,Diesel,2018,TS-08,Manual,2,66454,Hyderabad,14389,736000,758000,22000,5
125,Ameo,COMFORTLINE 1.0L,Volkswagen,Petrol,2019,TS-07,Manual,1,47495,Hyderabad,11359,581000,623000,42000,4
126,Polo,COMFORTLINE 1.0L TSI ATAutomatic,Volkswagen,Petrol,2021,TS-08,Automatic,1,23683,Hyderabad,15893,835000,840000,5000,2
127,Polo,HIGHLINE1.2L,Volkswagen,Petrol,2017,TS-10,Manual,1,67547,Hyderabad,13079,669000,694000,25000,6
128,Ameo,HIGHLINE1.2L PLUS 16 ALLOY,Volkswagen,Petrol,2017,TS-09,Manual,1,67805,Hyderabad,11906,609000,622000,13000,6
129,Jetta,COMFORTLINE 1.4 TSI MT,Volkswagen,Petrol,2016,TS-09,Manual,1,17105,Hyderabad,22936,1205000,1330000,125000,7
130,Polo,1.0 GT TSI ATAutomatic,Volkswagen,Petrol,2021,TS-02,Automatic,2,51466,Hyderabad,18615,978000,987000,9000,2
131,Polo,COMFORTLINE 1.0L MPI,Volkswagen,Petrol,2019,TS-08,Manual,2,101306,Hyderabad,11417,584000,649000,65000,4
132,Ameo,HIGHLINE1.2L,Volkswagen,Petrol,2016,TS-08,Manual,1,97921,Hyderabad,10244,524000,561000,37000,7
133,Vento,HIGHLINE 1.5 ATAutomatic,Volkswagen,Diesel,2018,TS-15,Automatic,1,107492,Hyderabad,16959,891000,909000,18000,5
134,Ameo,TRENDLINE 1.0L,Volkswagen,Petrol,2018,TS-09,Manual,2,71413,Hyderabad,10420,533000,561000,28000,5
135,Vento,HIGHLINE PLUS 1.0L TSI,Volkswagen,Petrol,2020,TS-08,Manual,1,45949,Hyderabad,19224,1010000,1133000,123000,3
136,Polo,HIGHLINE PLUS 1.0L TSI ATAutomatic,Volkswagen,Petrol,2021,TS-08,Automatic,1,55053,Hyderabad,17607,925000,944000,19000,2
137,Polo,HIGHLINE1.2L,Volkswagen,Petrol,2012,AP-28,Manual,1,85408,Hyderabad,6628,339000,339000,0,11
138,Ecosport,TITANIUM 1.5L DIESEL,Ford,Diesel,2016,TS-12,Manual,2,101124,Hyderabad,9971,510000,556000,46000,7
139,Ecosport,TITANIUM 1.5L DIESEL,Ford,Diesel,2017,TS-09,Manual,1,88695,Hyderabad,13490,690000,731000,41000,6
140,Ecosport,TITANIUM 1.5L DIESEL,Ford,Diesel,2017,TS-07,Manual,3,89576,Hyderabad,12962,663000,704000,41000,6
141,Ecosport,TREND 1.5L PETROL,Ford,Petrol,2017,TS-02,Manual,1,66159,Hyderabad,13118,671000,709000,38000,6
142,FREESTYLE,TITANIUM 1.5 DIESEL,Ford,Diesel,2020,TS-17,Manual,2,38278,Hyderabad,13822,707000,742000,35000,3
143,Ecosport,TITANIUM 1.5 SPORTS(SUNROOF) PETROL,Ford,Petrol,2021,TS-09,Manual,1,57250,Hyderabad,17778,934000,1011000,77000,2
144,Aspire,TITANIUM 1.2 PETROL,Ford,Petrol,2021,TS-09,Manual,1,29246,Hyderabad,13822,707000,746000,39000,2
145,Ecosport,TITANIUM 1.5L PETROL,Ford,Petrol,2018,TS-09,Manual,2,41108,Hyderabad,15494,814000,814000,0,5
146,Ecosport,TITANIUM 1.5L DIESEL,Ford,Diesel,2017,TS-08,Manual,1,116988,Hyderabad,13099,670000,720000,50000,6
147,Ecosport,TITANIUM + 1.5L DIESEL,Ford,Diesel,2018,TS-07,Manual,2,101721,Hyderabad,16693,877000,877000,0,5
148,FREESTYLE,FLAIR EDITION 1.2 PETROL,Ford,Petrol,2020,TS-08,Manual,1,33881,Hyderabad,14193,726000,788000,62000,3
149,Figo,TITANIUM BLU 1.5 DIESEL,Ford,Diesel,2020,TS-12,Manual,1,51625,Hyderabad,15171,776000,826000,50000,3
150,FREESTYLE,TITANIUM PLUS 1.2 PETROL,Ford,Petrol,2019,TS-36,Manual,1,44591,Hyderabad,12590,644000,677000,33000,4
151,Ecosport,TITANIUM + 1.5L DIESEL,Ford,Diesel,2019,TS-08,Manual,1,108632,Hyderabad,16560,870000,887000,17000,4
152,Ecosport,TITANIUM 1.5L PETROL,Ford,Petrol,2018,TS-07,Manual,1,39914,Hyderabad,15646,822000,857000,35000,5
153,Ecosport,TITANUIM + SE 1.5L PETROL,Ford,Petrol,2021,TS-09,Manual,1,14393,Hyderabad,18806,988000,1093000,105000,2
154,SONET,HTK PLUS 1.0 IMT,KIA,Petrol,2021,TS-08,Manual,1,19136,Hyderabad,17321,910000,964000,54000,2
155,SELTOS,HTX IVT 1.5 PETROLAutomatic,KIA,Petrol,2019,TS-15,Automatic,1,78396,Hyderabad,23640,1242000,1347000,105000,4
156,SELTOS,GTX PLUS 1.4 PETROL,KIA,Petrol,2020,TS-07,Manual,1,61289,Hyderabad,26514,1393000,1455000,62000,3
157,SELTOS,HTK PLUS 1.5 PETROL,KIA,Petrol,2021,TS-11,Manual,1,8844,Hyderabad,24562,1290399,1290399,0,2
158,SELTOS,HTX AT PETROLAutomatic,KIA,Petrol,2020,TS-07,Automatic,1,14519,Hyderabad,28092,1475899,1475899,0,3
159,SONET,HTK G1.2 MT,KIA,Petrol,2021,TS-07,Manual,1,11582,Hyderabad,16162,849099,849099,0,2
160,SELTOS,HTX AT PETROLAutomatic,KIA,Petrol,2020,TS-08,Automatic,1,32451,Hyderabad,28092,1475899,1475899,0,3
161,SELTOS,HTK 1.5 PETROL,KIA,Petrol,2020,TS-09,Manual,1,40421,Hyderabad,19948,1048000,1048000,0,3
162,SELTOS,HTK PLUS AT 1.5 DIESELAutomatic,KIA,Diesel,2020,TS-07,Automatic,1,58259,Hyderabad,24759,1300749,1460599,159850,3
163,SELTOS,1.5 GTX+ ATAutomatic,KIA,Diesel,2019,TS-12,Automatic,1,35424,Hyderabad,32230,1693299,1693299,0,4
164,Rapid,AMBITION 1.6 MPI MT,Skoda,Petrol,2016,TS-11,Manual,1,39153,Hyderabad,12375,633000,663000,30000,7
165,Rapid,STYLE TSI,Skoda,Petrol,2021,TS-09,Manual,1,15504,Hyderabad,18806,988000,1007000,19000,2
166,Rapid,STYLE TSI,Skoda,Petrol,2020,TS-08,Manual,2,53802,Hyderabad,18596,977000,997000,20000,3
167,Rapid,STYLE 1.5 TDI,Skoda,Diesel,2017,TS-03,Manual,2,115276,Hyderabad,14858,760000,792000,32000,6
168,Rapid,STYLE 1.5 TDI,Skoda,Diesel,2016,TS-07,Manual,1,100615,Hyderabad,14799,757000,794000,37000,7
169,Rapid,1.0 AMBITION TSI ATAutomatic,Skoda,Petrol,2021,TS-10,Automatic,1,20821,Hyderabad,21604,1134999,1134999,0,2
170,Rapid,1.0 AMBITION TSI MT,Skoda,Petrol,2020,TS-08,Manual,1,33012,Hyderabad,16415,862399,862399,0,3
171,KUSHAQ,STYLE 1.5 TSI MT,Skoda,Petrol,2021,TS-07,Manual,1,8360,Hyderabad,30748,1615399,1811899,196500,2
172,Rapid,1.5 TDI AT STYLE PLUSAutomatic,Skoda,Diesel,2018,TS-07,Automatic,1,33945,Hyderabad,17643,926899,926899,0,5
173,Rapid,AMBITION 1.6 MPFI MT,Skoda,Petrol,2012,AP-09,Manual,2,91301,Hyderabad,6622,338699,338699,0,11
174,Compass,2.0 LONGITUDE (O),Jeep,Diesel,2017,TS-08,Manual,1,89906,Hyderabad,20785,1092000,1216000,124000,6
175,Compass,LIMITED PLUS PETROL ATAutomatic,Jeep,Petrol,2018,TS-07,Automatic,1,42064,Hyderabad,30327,1593300,1665000,71700,5
176,Compass,LIMITED 2.0 DIESEL,Jeep,Diesel,2018,TS-13,Manual,2,122168,Hyderabad,25563,1343000,1414000,71000,5
177,Compass,LIMITED 2.0 DIESEL,Jeep,Diesel,2018,TS-08,Manual,1,83083,Hyderabad,26648,1400000,1455000,55000,5
178,Compass,LIMITED 1.4 ATAutomatic,Jeep,Petrol,2018,TS-09,Automatic,1,73576,Hyderabad,25173,1322499,1453699,131200,5
179,Compass,2.0 SPORT PLUS,Jeep,Diesel,2019,TS-11,Manual,1,77390,Hyderabad,25677,1349000,1502000,153000,4
180,Compass,2.0 LIMITED,Jeep,Diesel,2018,TS-09,Manual,1,58864,Hyderabad,26610,1398000,1516000,118000,5
181,Compass,LIMITED (O) 2.0,Jeep,Diesel,2018,AP-39,Manual,1,50579,Hyderabad,27866,1464000,1592000,128000,5
182,Compass,1.4 LIMITED PLUS ATAutomatic,Jeep,Petrol,2019,TS-07,Automatic,1,23457,Hyderabad,31178,1638000,1690000,52000,4
183,Compass,LIMITED PLUS PETROL ATAutomatic,Jeep,Petrol,2018,TS-09,Automatic,1,60183,Hyderabad,30340,1594000,1647000,53000,5
184,Wagon-R,ZXI 1.2 AMTAutomatic,Maruti,Petrol,2019,GJ-06,Automatic,1,20945,Ahmedabad,10831,554000,595000,41000,4
185,Estilo,VXI,Maruti,Petrol,2010,DL-3C,Manual,1,82224,Ahmedabad,2933,150000,157000,7000,13
186,Alto,VXI,Maruti,Petrol,2022,GJ-08,Manual,1,10221,Ahmedabad,8328,426000,432000,6000,1
187,Eeco,5 STR WITH A/C+HTR,Maruti,CNG,2018,GJ-01,Manual,1,57011,Ahmedabad,9247,473000,473000,0,5
188,800,LXI,Maruti,Petrol,2014,GJ-01,Manual,1,7824,Ahmedabad,4712,241000,250000,9000,9
189,Dzire,VXI,Maruti,Petrol,2012,GJ-01,Manual,3,119603,Ahmedabad,6256,320000,339000,19000,11
191,Swift,VDI,Maruti,Diesel,2012,GJ-02,Manual,3,114919,Ahmedabad,6080,311000,326000,15000,11
192,Baleno,DELTA PETROL 1.2,Maruti,Petrol,2019,GJ-01,Manual,1,20594,Ahmedabad,13235,677000,677000,0,4
193,Ciaz,ALPHA  AT 1.5 SHVS PETROLAutomatic,Maruti,Petrol,2022,GJ-18,Automatic,1,7536,Ahmedabad,20957,1101000,1176000,75000,1
194,Brezza,VXI,Maruti,Petrol,2021,GJ-01,Manual,2,27815,Ahmedabad,15601,798000,855000,57000,2
195,Eeco,5 STR WITH A/C+HTR,Maruti,Petrol,2018,GJ-23,Manual,1,75399,Ahmedabad,7859,402000,417000,15000,5
196,Dzire,VXI,Maruti,Petrol,2012,GJ-01,Manual,1,116202,Ahmedabad,6530,334000,344000,10000,11
197,Ciaz,ZETA AT 1.5  SHVS PETROLAutomatic,Maruti,Petrol,2022,GJ-27,Automatic,1,7815,Ahmedabad,20328,1068000,1141000,73000,1
200,Baleno,SIGMA PETROL 1.2,Maruti,Petrol,2021,GJ-24,Manual,1,51223,Ahmedabad,10557,540000,594000,54000,2
201,800,LXI,Maruti,Petrol,2015,GJ-09,Manual,1,121783,Ahmedabad,4438,227000,236000,9000,8
202,Celerio,ZXI AMTAutomatic,Maruti,CNG,2017,GJ-27,Automatic,2,97364,Ahmedabad,7605,389000,474000,85000,6
203,Eeco,5 STR WITH A/C+HTR,Maruti,Petrol,2019,GJ-27,Manual,1,30023,Ahmedabad,9247,473000,473000,0,4
204,i10,MAGNA 1.2,Hyundai,CNG,2012,GJ-18,Manual,1,95392,Ahmedabad,5787,296000,296000,0,11
205,Verna,1.6 VTVT SX,Hyundai,CNG,2019,GJ-01,Manual,1,55431,Ahmedabad,16560,870000,941000,71000,4
206,VENUE,S+ 1.2,Hyundai,Petrol,2022,GJ-23,Manual,1,12610,Ahmedabad,17549,922000,922000,0,1
207,i10,MAGNA 1.1,Hyundai,Petrol,2010,GJ-01,Manual,2,124848,Ahmedabad,3460,177000,188000,11000,13
208,i10,MAGNA 1.1,Hyundai,CNG,2014,GJ-01,Manual,2,105080,Ahmedabad,5787,296000,309000,13000,9
209,i20,SPORTZ (O) 1.2,Hyundai,Petrol,2010,GJ-01,Manual,1,66314,Ahmedabad,5318,272000,272000,0,13
210,SANTRO,SPORTZ MT,Hyundai,Petrol,2019,GJ-01,Manual,1,13394,Ahmedabad,10205,522000,548000,26000,4
211,Eon,D-LITE+,Hyundai,Petrol,2013,GJ-01,Manual,3,58000,Ahmedabad,3734,191000,196000,5000,10
212,Creta,S 1.5 DIESEL,Hyundai,Diesel,2021,GJ-18,Manual,1,49915,Ahmedabad,23735,1247000,1354000,107000,2
213,i10,SPORTZ 1.2 KAPPA VTVT,Hyundai,Petrol,2015,GJ-05,Manual,2,72036,Ahmedabad,7742,396000,464000,68000,8
214,Creta,E PLUS 1.6 PETROL,Hyundai,Petrol,2019,GJ-06,Manual,1,43804,Ahmedabad,16769,881000,962000,81000,4
215,Elantra,1.6 SX AT DIESELAutomatic,Hyundai,Diesel,2014,GJ-01,Automatic,1,96579,Ahmedabad,10753,550000,573000,23000,9
216,i20,MAGNA 1.2,Hyundai,Petrol,2016,GJ-01,Manual,2,66630,Ahmedabad,9912,507000,588000,81000,7
217,i20,SPORTZ 1.2,Hyundai,Petrol,2012,GJ-01,Manual,2,76643,Ahmedabad,6412,328000,350000,22000,11
218,i10,SPORTZ 1.1,Hyundai,CNG,2015,GJ-24,Manual,2,76494,Ahmedabad,6647,340000,358000,18000,8
219,VENUE,S+ 1.2,Hyundai,Petrol,2022,GJ-01,Manual,1,20228,Ahmedabad,16084,845000,895000,50000,1
220,Creta,SX PLUS AT 1.6 DIESELAutomatic,Hyundai,Diesel,2016,GJ-10,Automatic,2,101807,Ahmedabad,15589,819000,895000,76000,7
221,Verna,1.6 VTVT SX (O) ATAutomatic,Hyundai,Petrol,2017,GJ-05,Automatic,2,68196,Ahmedabad,16522,868000,964000,96000,6
222,Xcent,S 1.2,Hyundai,Petrol,2014,GJ-01,Manual,1,47443,Ahmedabad,7820,400000,400000,0,9
223,Creta,S IMT 1.5 PETROL,Hyundai,Petrol,2022,GJ-36,Manual,1,4236,Ahmedabad,24649,1295000,1324000,29000,1
224,City,1.5L I-VTEC E MT,Honda,Petrol,2010,GJ-06,Manual,3,73789,Ahmedabad,4497,230000,248000,18000,13
225,Civic,1.8L I-VTEC VX CVTAutomatic,Honda,Petrol,2019,GJ-01,Automatic,1,36576,Ahmedabad,30892,1623000,1686000,63000,4
226,Jazz,1.2L I-VTEC ZX CVTAutomatic,Honda,Petrol,2022,GJ-01,Automatic,2,5581,Ahmedabad,19834,1042000,1042000,0,1
227,Jazz,1.2L I-VTEC E,Honda,CNG,2015,GJ-01,Manual,2,74494,Ahmedabad,7005,358300,379000,20700,8
228,Brio,S MT,Honda,Petrol,2014,GJ-27,Manual,2,75029,Ahmedabad,7155,366000,380000,14000,9
229,Amaze,1.2L I-VTEC E,Honda,Petrol,2021,GJ-01,Manual,1,101603,Ahmedabad,10225,523000,575000,52000,2
230,Amaze,1.2L I-VTEC V,Honda,Petrol,2019,GJ-18,Manual,1,29929,Ahmedabad,13431,687000,744000,57000,4
231,Amaze,1.2L I-VTEC E,Honda,Petrol,2019,GJ-23,Manual,1,43774,Ahmedabad,11261,576000,590000,14000,4
232,City,1.5L I-VTEC V MT,Honda,Petrol,2011,GJ-01,Manual,1,114079,Ahmedabad,6530,334000,350000,16000,12
233,City,1.5L I-VTEC VX CVTAutomatic,Honda,Petrol,2017,GJ-01,Automatic,1,62802,Ahmedabad,14096,721000,758000,37000,6
234,Jazz,1.2L I-VTEC S ATAutomatic,Honda,Petrol,2015,GJ-01,Automatic,2,112010,Ahmedabad,7722,395000,407000,12000,8
235,Jazz,1.2L I-VTEC VX,Honda,Petrol,2016,GJ-01,Manual,3,34902,Ahmedabad,8543,437000,508000,71000,7
236,City,1.5L I-VTEC SV CVTAutomatic,Honda,Petrol,2016,GJ-01,Automatic,3,70833,Ahmedabad,11046,565000,629000,64000,7
237,Amaze,1.2L I-VTEC S,Honda,Petrol,2017,GJ-23,Manual,2,33511,Ahmedabad,9032,462000,523000,61000,6
238,Amaze,1.2L I-VTEC V,Honda,CNG,2019,GJ-16,Manual,1,87157,Ahmedabad,11730,600000,635000,35000,4
239,BR-V,1.5L I- DTEC S,Honda,Diesel,2017,GJ-01,Manual,1,64898,Ahmedabad,12199,624000,681000,57000,6
240,Brio,S MT,Honda,Petrol,2014,GJ-18,Manual,1,63492,Ahmedabad,7801,399000,407000,8000,9
241,City,1.5L I-VTEC VX CVTAutomatic,Honda,Petrol,2020,GJ-02,Automatic,1,36212,Ahmedabad,20614,1083000,1229000,146000,3
242,Amaze,1.2L I-VTEC S,Honda,Petrol,2015,GJ-01,Manual,1,104289,Ahmedabad,7077,362000,397000,35000,8
243,City,1.5L I-VTEC S MT,Honda,Petrol,2013,GJ-01,Manual,2,88102,Ahmedabad,8211,420000,427000,7000,10
244,Kwid,RXT 0.8,Renault,Petrol,2018,GJ-27,Manual,1,49162,Ahmedabad,5630,288000,301000,13000,5
245,Kiger,RXL MT,Renault,Petrol,2021,GJ-15,Manual,2,20537,Ahmedabad,12434,636000,670000,34000,2
246,TRIBER,RXZ,Renault,Petrol,2019,GJ-27,Manual,1,33912,Ahmedabad,11183,572000,612000,40000,4
247,Kwid,CLIMBER MT 1.0,Renault,Petrol,2022,GJ-01,Manual,1,4139,Ahmedabad,9736,498000,567000,69000,1
248,TRIBER,RXT,Renault,Petrol,2019,GJ-15,Manual,2,33367,Ahmedabad,10147,519000,542000,23000,4
249,Kwid,RXL,Renault,Petrol,2019,GJ-18,Manual,1,74035,Ahmedabad,6491,332000,341000,9000,4
250,Kwid,RXT 1.0 (O),Renault,Petrol,2019,GJ-06,Manual,1,50524,Ahmedabad,6940,355000,375000,20000,4
251,Kiger,RXZ MT,Renault,Petrol,2021,GJ-18,Manual,1,15987,Ahmedabad,13763,704000,768000,64000,2
252,Kwid,RXT 1.0,Renault,Petrol,2018,GJ-06,Manual,2,33257,Ahmedabad,6667,341000,353000,12000,5
253,Duster,RXL PETROL,Renault,Petrol,2017,GJ-09,Manual,1,37457,Ahmedabad,12317,630000,661000,31000,6
254,Kwid,RXT 1.0 AMT (O)Automatic,Renault,Petrol,2019,GJ-01,Automatic,1,28055,Ahmedabad,8504,435000,455000,20000,4
255,TRIBER,RXT AMTAutomatic,Renault,Petrol,2020,GJ-01,Automatic,1,27982,Ahmedabad,11847,606000,645000,39000,3
256,Kwid,RXT 0.8,Renault,Petrol,2021,GJ-01,Manual,1,20600,Ahmedabad,8485,434000,471000,37000,2
257,TRIBER,RXL MT,Renault,Petrol,2022,GJ-02,Manual,1,19500,Ahmedabad,12884,659000,678000,19000,1
258,Kwid,RXT 1.0 (O),Renault,Petrol,2019,GJ-09,Manual,1,64974,Ahmedabad,7644,391000,391000,0,4
259,Kwid,RXT 1.0 (O),Renault,Petrol,2019,GJ-23,Manual,2,65113,Ahmedabad,7019,359000,388000,29000,4
260,Kwid,RXT 1.0,Renault,Petrol,2018,GJ-18,Manual,1,53519,Ahmedabad,6921,354000,354000,0,5
261,TRIBER,RXZ,Renault,Petrol,2022,GJ-18,Manual,1,3138,Ahmedabad,15284,803000,803000,0,1
262,TIGOR,XZA PLUS PETROLAutomatic,Tata,Petrol,2022,GJ-01,Automatic,1,9606,Ahmedabad,15380,808000,846000,38000,1
263,TIGOR,XZ PLUS CNG,Tata,CNG,2022,GJ-01,Manual,1,10076,Ahmedabad,15475,813000,852000,39000,1
264,Safari,XZA PLUS DARK EDITIONAutomatic,Tata,Diesel,2022,GJ-38,Automatic,1,48544,Ahmedabad,42865,2252000,2297000,45000,1
265,Tiago,XT PETROL,Tata,CNG,2018,GJ-07,Manual,1,56470,Ahmedabad,8426,431000,456000,25000,5
266,Tiago,XT PETROL,Tata,CNG,2017,GJ-18,Manual,1,88955,Ahmedabad,7937,406000,424000,18000,6
267,Tiago,XT PETROL,Tata,Petrol,2016,GJ-01,Manual,1,110096,Ahmedabad,6491,332000,371000,39000,7
268,Tiago,XT (O) PETROL,Tata,Petrol,2021,GJ-01,Manual,1,7660,Ahmedabad,10831,554000,585000,31000,2
269,TIGOR,XT PETROL,Tata,Petrol,2017,GJ-38,Manual,1,110462,Ahmedabad,7976,408000,444000,36000,6
270,ALTROZ,XM PLUS PETROL,Tata,Petrol,2022,GJ-06,Manual,1,3094,Ahmedabad,13138,672000,734000,62000,1
271,ALTROZ,XZ PETROL,Tata,Petrol,2020,GJ-01,Manual,1,17013,Ahmedabad,12669,648000,721000,73000,3
272,TIGOR,XZ CNG,Tata,CNG,2022,GJ-01,Manual,1,24810,Ahmedabad,15190,777000,805000,28000,1
273,Harrier,XT PLUS 2.0L KRYOTEC DARK EDITON,Tata,Diesel,2022,GJ-01,Manual,1,35498,Ahmedabad,31292,1644000,1810000,166000,1
274,Tiago,XZ PETROL,Tata,Petrol,2017,GJ-01,Manual,1,58875,Ahmedabad,7976,408000,426000,18000,6
275,NEXON,XZA PLUS SUNROOF PETROLAutomatic,Tata,Petrol,2021,GJ-01,Automatic,1,10667,Ahmedabad,20142,1058200,1130000,71800,2
276,TIGOR,XZ 1.2 REVOTRON,Tata,Petrol,2018,GJ-27,Manual,1,87012,Ahmedabad,9462,484000,534000,50000,5
277,Tiago,XT CNG,Tata,CNG,2022,GJ-09,Manual,1,25813,Ahmedabad,12825,656000,711000,55000,1
278,ALTROZ,XZ (O) PETROL,Tata,Petrol,2020,GJ-27,Manual,1,84125,Ahmedabad,13353,683000,703000,20000,3
279,ALTROZ,XE PETROL,Tata,Petrol,2021,GJ-23,Manual,1,45360,Ahmedabad,11183,572000,605000,33000,2
280,ALTROZ,XT DIESEL,Tata,Diesel,2022,GJ-01,Manual,1,15968,Ahmedabad,16331,858000,926000,68000,1
281,Tiago,XZA PETROLAutomatic,Tata,Petrol,2018,GJ-01,Automatic,1,42397,Ahmedabad,9580,490000,520000,30000,5
282,Go,T,Datsun,Petrol,2018,GJ-38,Manual,1,65622,Ahmedabad,5533,283000,283000,0,5
283,Go,S 1.0 AMTAutomatic,Datsun,Petrol,2018,GJ-01,Automatic,1,38225,Ahmedabad,6315,323000,356000,33000,5
284,Go,1.0 S ATAutomatic,Datsun,Petrol,2019,GJ-06,Automatic,1,12339,Ahmedabad,5333,272799,272799,0,4
285,Go,T (O),Datsun,Petrol,2016,GJ-06,Manual,1,42561,Ahmedabad,4213,215499,215499,0,7
286,Go,T (O),Datsun,Petrol,2021,GJ-06,Manual,1,2669,Ahmedabad,8328,426000,468000,42000,2
287,Go,1.0 S ATAutomatic,Datsun,Petrol,2018,GJ-05,Automatic,2,39123,Ahmedabad,6233,318799,323799,5000,5
288,Go,T,Datsun,Petrol,2020,GJ-01,Manual,1,24070,Ahmedabad,5667,289849,289849,0,3
289,Go,T (O),Datsun,Petrol,2016,GJ-01,Manual,1,50724,Ahmedabad,3480,178000,178000,0,7
290,Go,T,Datsun,Petrol,2014,GJ-06,Manual,2,69870,Ahmedabad,2600,133000,133000,0,9
291,Go,S,Datsun,Petrol,2016,GJ-13,Manual,1,57313,Ahmedabad,3597,184000,184000,0,7
292,Polo,1.0 GT TSI ATAutomatic,Volkswagen,Petrol,2020,GJ-06,Automatic,3,39632,Ahmedabad,17683,929000,968000,39000,3
293,Ameo,TRENDLINE 1.5L,Volkswagen,Diesel,2017,GJ-12,Manual,2,87481,Ahmedabad,7644,391000,419000,28000,6
294,Vento,HIGHLINE DIESEL 1.5,Volkswagen,Diesel,2015,GJ-01,Manual,2,81113,Ahmedabad,9638,493000,528000,35000,8
295,Polo,TRENDLINE 1.0L,Volkswagen,Petrol,2019,GJ-17,Manual,2,31753,Ahmedabad,10147,519000,580000,61000,4
296,Polo,1.0 GT TSI ATAutomatic,Volkswagen,Petrol,2021,GJ-15,Automatic,1,29121,Ahmedabad,16160,849000,900000,51000,2
297,Ameo,HIGHLINE PLUS 1.5L AT 16 ALLOYAutomatic,Volkswagen,Diesel,2017,GJ-01,Automatic,1,46831,Ahmedabad,11691,598000,628000,30000,6
298,Vento,COMFORTLINE 1.0 TSI MT,Volkswagen,Petrol,2020,GJ-24,Manual,2,69728,Ahmedabad,14936,764000,966000,202000,3
299,Polo,Trendline 1.0 L Petrol,Volkswagen,Petrol,2020,GJ-38,Manual,1,94796,Ahmedabad,10420,533000,571000,38000,3
300,VIRTUS,TOPLINE TSI 1.0 MT,Volkswagen,Petrol,2022,GJ-18,Manual,1,14302,Ahmedabad,28399,1492000,1520000,28000,1
301,Polo,COMFORTLINE 1.2L,Volkswagen,Petrol,2017,GJ-01,Manual,1,83286,Ahmedabad,10283,526000,526000,0,6
302,Ameo,HIGHLINE1.5L,Volkswagen,Diesel,2017,GJ-03,Manual,2,107294,Ahmedabad,8622,441000,491000,50000,6
303,Vento,HIGHLINE PLUS 1.0 TSI ATAutomatic,Volkswagen,Petrol,2022,GJ-01,Automatic,1,4332,Ahmedabad,23774,1249000,1346000,97000,1
304,Polo,1.0 GT TSI ATAutomatic,Volkswagen,Petrol,2021,GJ-03,Automatic,2,77961,Ahmedabad,16636,874000,927000,53000,2
305,TAIGUN,HIGHLINE 1.0 TSI ATAutomatic,Volkswagen,Petrol,2022,GJ-01,Automatic,2,14450,Ahmedabad,26724,1404000,1498000,94000,1
306,Ameo,HIGHLINE1.5L,Volkswagen,Diesel,2016,GJ-01,Manual,1,109668,Ahmedabad,9384,480000,510000,30000,7
307,Ameo,TRENDLINE 1.0L,Volkswagen,CNG,2019,GJ-03,Manual,1,84609,Ahmedabad,9306,476000,526000,50000,4
308,Vento,HIGHLINE 1.5 ATAutomatic,Volkswagen,Diesel,2016,GJ-01,Automatic,2,108164,Ahmedabad,11359,581000,626000,45000,7
309,Ecosport,TREND 1.5L DIESEL,Ford,Diesel,2016,GJ-27,Manual,2,103336,Ahmedabad,9443,483000,521000,38000,7
310,Ecosport,TITANIUM 1.5L DIESEL,Ford,Diesel,2019,GJ-27,Manual,1,77394,Ahmedabad,15380,808000,839000,31000,4
311,FREESTYLE,TITANIUM PLUS 1.2 PETROL,Ford,Petrol,2018,GJ-01,Manual,1,42024,Ahmedabad,10029,513000,602000,89000,5
312,Ecosport,TITANIUM 1.5L DIESEL,Ford,Diesel,2017,GJ-01,Manual,2,106683,Ahmedabad,10753,550000,593000,43000,6
313,Ecosport,TITANIUM 1.5L DIESEL,Ford,Diesel,2019,GJ-05,Manual,2,67581,Ahmedabad,15361,807000,872000,65000,4
314,Aspire,TITANIUM 1.2 PETROL,Ford,Petrol,2020,GJ-01,Manual,1,21882,Ahmedabad,12532,641000,700000,59000,3
315,Ecosport,1.5 TITANIUM PLUS TI VCT ATAutomatic,Ford,Petrol,2018,GJ-01,Automatic,3,39722,Ahmedabad,13724,702000,885000,183000,5
316,Ecosport,TITANIUM + 1.5L PETROL ATAutomatic,Ford,Petrol,2018,GJ-38,Automatic,1,49360,Ahmedabad,14682,751000,883000,132000,5
317,Ecosport,TITANIUM + 1.5L PETROL ATAutomatic,Ford,CNG,2018,GJ-01,Automatic,1,112071,Ahmedabad,14389,736000,820000,84000,5
318,Ecosport,TITANIUM + 1.5L PETROL ATAutomatic,Ford,Petrol,2018,GJ-06,Automatic,1,71070,Ahmedabad,14643,749000,812000,63000,5
319,FREESTYLE,TITANIUM 1.2 PETROL,Ford,Petrol,2018,GJ-02,Manual,1,32375,Ahmedabad,10225,523000,523000,0,5
320,SELTOS,HTX 1.5 CVT PETROLAutomatic,KIA,Petrol,2021,GJ-01,Automatic,1,26485,Ahmedabad,27333,1436000,1478000,42000,2
321,SONET,HTX 1.0 IMT,KIA,Petrol,2021,GJ-06,Manual,1,11487,Ahmedabad,17055,896000,966000,70000,2
322,SELTOS,GTK 1.4 PETROL,KIA,Petrol,2019,GJ-02,Manual,1,77498,Ahmedabad,18672,981000,1073000,92000,4
323,SELTOS,HTK PLUS 1.5 IMT,KIA,Petrol,2022,GJ-23,Manual,1,27272,Ahmedabad,23488,1234000,1317000,83000,1
324,SONET,HTX 1.0 IMT,KIA,Petrol,2021,GJ-27,Manual,1,20504,Ahmedabad,17778,934000,965000,31000,2
325,SONET,GTX PLUS 1.0 IMT,KIA,Petrol,2020,GJ-18,Manual,1,31724,Ahmedabad,17816,936000,973000,37000,3
326,SELTOS,HTX PLUS 1.5 DIESEL,KIA,Diesel,2022,GJ-23,Manual,1,83732,Ahmedabad,28780,1512000,1684000,172000,1
327,SONET,HTX PLUS 1.0 IMT,KIA,Petrol,2021,GJ-06,Manual,1,19937,Ahmedabad,21908,1151000,1197000,46000,2
328,SELTOS,HTK 1.5 PETROL,KIA,Petrol,2020,GJ-01,Manual,1,14469,Ahmedabad,20861,1095999,1095999,0,3
329,SELTOS,HTX 1.5 PETROL MT,KIA,Petrol,2020,GJ-01,Manual,1,26465,Ahmedabad,21666,1138249,1138599,350,3
330,Rapid,MONTE CARLO 1.6 MPI ATAutomatic,Skoda,Petrol,2017,GJ-01,Automatic,1,81408,Ahmedabad,13001,665000,738000,73000,6
331,Rapid,AMBITION 1.6 MPI MT,Skoda,Petrol,2018,GJ-01,Manual,2,94375,Ahmedabad,10616,543000,635000,92000,5
332,SLAVIA,STYLE 1.0 TSI ATAutomatic,Skoda,Petrol,2022,GJ-18,Automatic,1,4479,Ahmedabad,30868,1621699,1665499,43800,1
333,Rapid,AMBITION 1.6 MPI MT PLUS,Skoda,Petrol,2016,GJ-03,Manual,1,32603,Ahmedabad,11971,612299,634349,22050,7
334,Rapid,1.5 TDI MT AMBITION,Skoda,Diesel,2017,GJ-01,Manual,1,62357,Ahmedabad,12786,654000,654000,0,6
335,Rapid,STYLE 1.0 ATAutomatic,Skoda,Petrol,2021,GJ-18,Automatic,1,20355,Ahmedabad,20347,1069000,1130000,61000,2
336,Rapid,1.6 MPI STYLE ATAutomatic,Skoda,Petrol,2017,GJ-06,Automatic,1,36023,Ahmedabad,15503,793000,874000,81000,6
337,Octavia,LK 1.8 TSI ATAutomatic,Skoda,Petrol,2018,GJ-01,Automatic,1,62595,Ahmedabad,29255,1537000,1802000,265000,5
338,Rapid,AMBITION 1.5 TDI ATAutomatic,Skoda,Diesel,2015,GJ-18,Automatic,2,113961,Ahmedabad,9834,503000,532000,29000,8
339,Octavia,1.8 TSI STYLE PLUS ATAutomatic,Skoda,Petrol,2017,GJ-06,Automatic,2,64547,Ahmedabad,21014,1104000,1228000,124000,6
340,Compass,LIMITED 1.4 PETROL ATAutomatic,Jeep,Petrol,2017,GJ-06,Automatic,2,75511,Ahmedabad,18482,971000,1010000,39000,6
341,Compass,LONGITUDE (O) 2.0 DIESEL,Jeep,Diesel,2019,GJ-06,Manual,1,26583,Ahmedabad,23983,1260000,1363000,103000,4
342,Compass,TRAILHAWK 2.0  AT 4X4Automatic,Jeep,Diesel,2019,GJ-01,Automatic,1,84927,Ahmedabad,32091,1686000,1947000,261000,4
343,Compass,LONGITUDE (O) 1.4 PETROL ATAutomatic,Jeep,Petrol,2019,GJ-27,Automatic,1,46811,Ahmedabad,25867,1359000,1505000,146000,4
344,CHEROKEE,LIMITED DIESELAutomatic,Jeep,Diesel,2016,GJ-03,Automatic,1,91825,Ahmedabad,50060,2630000,3205000,575000,7
345,Compass,LIMITED (O) 2.0,Jeep,Diesel,2018,GJ-27,Manual,1,41843,Ahmedabad,22510,1182599,1189899,7300,5
346,Compass,2.0 LONGITUDE (O),Jeep,Diesel,2017,GJ-12,Manual,1,50933,Ahmedabad,21661,1138000,1201000,63000,6
347,Compass,2.0 LIMITED,Jeep,Diesel,2018,GJ-01,Manual,1,37513,Ahmedabad,23922,1256799,1313499,56700,5
348,Compass,2.0 LIMITED,Jeep,Diesel,2018,GJ-01,Manual,1,74266,Ahmedabad,24050,1263499,1263499,0,5
349,Compass,LIMITED 1.4 ATAutomatic,Jeep,Petrol,2017,GJ-23,Automatic,1,63442,Ahmedabad,19420,1020299,1114299,94000,6
350,Country,T4 MOMENTUMAutomatic,Volvo,Petrol,2015,GJ-01,Automatic,1,21635,Ahmedabad,26286,1380999,1416499,35500,8
351,Dzire,VXI,Maruti,Petrol,2014,KA-53,Manual,1,54558,Bengaluru,9853,504000,546000,42000,9
352,Eeco,5 STR WITH A/C+HTR,Maruti,Petrol,2020,KA-02,Manual,2,18285,Bengaluru,8798,450000,450000,0,3
353,Swift,VXI,Maruti,Petrol,2022,KA-52,Manual,1,16522,Bengaluru,15132,774000,814000,40000,1
354,Swift,VXI,Maruti,Petrol,2013,KA-01,Manual,1,92239,Bengaluru,9149,468000,468000,0,10
355,IGNIS,ALPHA 1.2 AMTAutomatic,Maruti,Petrol,2018,KA-50,Automatic,1,41256,Bengaluru,13079,669000,730000,61000,5
356,Wagon-R,VXI 1.2,Maruti,Petrol,2020,KA-03,Manual,1,63404,Bengaluru,10811,553000,603000,50000,3
357,IGNIS,ALPHA 1.2,Maruti,Petrol,2018,KA-04,Manual,1,36714,Bengaluru,10792,552000,552000,0,5
358,K10,VXI,Maruti,Petrol,2016,KA-50,Manual,3,65484,Benga,6217,318000,326000,8000,7
360,Swift,VXI,Maruti,Petrol,2020,KA-51,Manual,1,61433,Bengaluru,12649,647000,693000,46000,3
361,IGNIS,ZETA 1.2,Maruti,Petrol,2020,KA-51,Manual,1,56218,Bengaluru,11456,586000,653000,67000,3
362,Celerio,ZXI,Maruti,Petrol,2015,KA-04,Manual,1,95115,Benga,8641,442000,458000,16000,8
363,Baleno,ZETA PETROL 1.2,Maruti,Petrol,2016,KA-02,Manual,1,73582,Bengaluru,13959,714000,714000,0,7
364,Omni,5 STR,Maruti,Petrol,2015,KA-01,Manual,1,56292,Bengaluru,5220,267000,275000,8000,8
365,Ertiga,VXI,Maruti,Petrol,2012,KA-05,Manual,2,49317,Benga,11026,564000,626000,62000,11
366,Swift,VXI,Maruti,Petrol,2011,KA-34,Manual,2,96278,Bengaluru,6843,350000,357000,7000,12
367,Baleno,DELTA PETROL 1.2,Maruti,Petrol,2017,KA-53,Manual,1,84684,Bengaluru,9853,504000,546000,42000,6
368,Ertiga,VDI,Maruti,Diesel,2013,KA-01,Manual,2,88808,Bengaluru,11535,590000,613000,23000,10
369,Celerio,ZXI AMTAutomatic,Maruti,Petrol,2015,KA-05,Automatic,2,66113,Bengaluru,9032,462000,462000,0,8
370,Ertiga,ZXI AT SHVSAutomatic,Maruti,Petrol,2019,KA-04,Automatic,2,80844,Bengaluru,17587,924000,930000,6000,4
371,Xing,GLS,Hyundai,Petrol,2014,KA-04,Manual,2,74682,Bengaluru,6315,323000,351000,28000,9
372,i20,MAGNA 1.4 CRDI,Hyundai,Diesel,2012,KA-53,Manual,2,122889,Bengaluru,6471,331000,336000,5000,11
373,Verna,FLUIDIC 1.6 CRDI EX,Hyundai,Diesel,2011,KA-03,Manual,2,83667,Bengaluru,7370,377000,392000,15000,12
374,i10,MAGNA 1.1,Hyundai,Petrol,2010,KA-41,Manual,3,146275,Bengaluru,4066,208000,223000,15000,13
375,Verna,FLUIDIC 1.6 CRDI SX,Hyundai,Diesel,2013,KA-04,Manual,1,54178,Benga,11847,606000,633000,27000,10
376,Eon,MAGNA PLUS,Hyundai,Petrol,2018,KA-02,Manual,2,86198,Bengaluru,5806,297000,376000,79000,5
377,i20,MAGNA (O) 1.4 CRDI,Hyundai,Diesel,2012,KA-01,Manual,2,64958,Bengaluru,6921,354000,366000,12000,11
378,I20,MAGNA 1.2 MT,Hyundai,Petrol,2021,KA-05,Manual,1,17929,Benga,13626,697000,750000,53000,2
379,NIOS,SPORTZ 1.2 KAPPA VTVT,Hyundai,Petrol,2022,KA-53,Manual,1,10346,Bengaluru,13626,697000,740000,43000,1
380,SANTRO,SPORTZ AMTAutomatic,Hyundai,Petrol,2020,KA-04,Automatic,1,4828,Benga,11320,579000,601000,22000,3
381,i20,ASTA 1.2,Hyundai,Petrol,2014,KA-03,Manual,2,66491,Bengaluru,9052,463000,506000,43000,9
382,i20,MAGNA (O) 1.2,Hyundai,Petrol,2013,KA-05,Manual,1,77289,Bengaluru,7449,381000,420000,39000,10
383,i10,SPORTZ 1.2 KAPPA VTVT,Hyundai,Petrol,2015,KA-04,Manual,3,33499,Bengaluru,7722,395000,455000,60000,8
384,Creta,SX PLUS 1.6 PETROL,Hyundai,Petrol,2015,KA-05,Manual,2,51166,Bengaluru,15246,801000,832000,31000,8
385,I20,ASTA (O) 1.2 MT,Hyundai,Petrol,2021,KA-17,Manual,1,27652,Benga,17112,899000,899000,0,2
386,Verna,FLUIDIC 4S 1.6 VTVT S(O),Hyundai,Petrol,2015,KA-04,Manual,2,95193,Bengaluru,11280,577000,583000,6000,8
387,i20,ASTA 1.2,Hyundai,Petrol,2018,KA-53,Manual,2,36043,Bengaluru,12825,656000,762000,106000,5
388,Elantra,1.8 SX AT VTVTAutomatic,Hyundai,Petrol,2015,KA-51,Automatic,2,76567,Bengaluru,12317,630000,679000,49000,8
389,i20,ASTA 1.4 CRDI,Hyundai,Diesel,2018,KA-04,Manual,1,72131,Bengaluru,13783,705000,794000,89000,5
390,i10,ASTA AT 1.2 KAPPA VTVTAutomatic,Hyundai,Petrol,2015,KA-05,Automatic,1,45463,Bengaluru,10753,550000,592000,42000,8
391,Brio,S MT,Honda,Petrol,2012,KA-03,Manual,1,19326,Benga,7155,366000,402000,36000,11
392,Jazz,1.2L I-VTEC V ATAutomatic,Honda,Petrol,2017,KA-05,Automatic,1,24574,Bengaluru,13900,711000,774000,63000,6
393,City,1.5L I-DTEC SV,Honda,Diesel,2014,KA-03,Manual,2,121514,Bengaluru,9443,483000,527000,44000,9
394,Amaze,1.2L I-VTEC VX,Honda,Petrol,2020,KA-53,Manual,2,37176,Bengaluru,13079,669000,737000,68000,3
395,Brio,S MT,Honda,Petrol,2015,KA-03,Manual,2,22262,Benga,7879,403000,434000,31000,8
396,Jazz,1.2 VX I-VTECH,Honda,Petrol,2016,KA-01,Manual,1,65072,Bengaluru,12199,624000,757000,133000,7
397,Brio,S MT,Honda,Petrol,2015,KA-03,Manual,1,65394,Bengaluru,7273,372000,480000,108000,8
398,Amaze,1.5L I-DTEC S,Honda,Diesel,2013,KA-01,Manual,2,91732,Bengaluru,7390,378000,386000,8000,10
399,City,1.5L I-VTEC SV CVTAutomatic,Honda,Petrol,2015,KA-03,Automatic,1,94947,Bengaluru,11476,587000,649000,62000,8
400,City,1.5L I-VTEC V MT,Honda,Petrol,2017,KA-03,Manual,3,56253,Bengaluru,13020,666000,720000,54000,6
401,City,1.5L I-VTEC VX,Honda,Petrol,2018,KA-53,Manual,2,31862,Bengaluru,16160,849000,927000,78000,5
402,Brio,S MT,Honda,Petrol,2013,KA-03,Manual,2,64742,Bengaluru,6100,312000,366000,54000,10
403,City,1.5L I-VTEC VX,Honda,Petrol,2017,KA-30,Manual,2,53295,Bengaluru,13646,698000,805000,107000,6
404,BR-V,1.5L I-VTEC V CVTAutomatic,Honda,Petrol,2017,KA-53,Automatic,1,95728,Bengaluru,15503,793000,857000,64000,6
405,Amaze,1.2L I-VTEC V,Honda,Petrol,2018,KA-03,Manual,2,51569,Bengaluru,11163,571000,610000,39000,5
406,Amaze,1.2L I-VTEC S,Honda,Petrol,2018,KA-03,Manual,1,62061,Bengaluru,10792,552000,595000,43000,5
407,Jazz,1.2L I-VTEC VX,Honda,Petrol,2017,KA-03,Manual,1,70235,Bengaluru,10616,543000,640000,97000,6
408,City,1.5L I-DTEC SV,Honda,Diesel,2014,KA-19,Manual,2,94378,Bengaluru,10283,526000,575000,49000,9
409,City,1.5L I-VTEC V MT,Honda,Petrol,2016,KA-04,Manual,2,58808,Bengaluru,12727,651000,798000,147000,7
410,WR-V,1.5L I-DTEC VX MT,Honda,Diesel,2017,KA-53,Manual,1,62997,Bengaluru,15366,786000,835000,49000,6
411,Duster,RXS CVTAutomatic,Renault,Petrol,2018,KA-04,Automatic,1,36718,Bengaluru,15542,795000,874000,79000,5
412,Duster,85 PS RXE DIESEL,Renault,Diesel,2014,KA-02,Manual,3,109706,Bengaluru,8837,452000,452000,0,9
413,Duster,RXS 85 PS,Renault,Diesel,2016,KA-05,Manual,2,73494,Bengaluru,14193,726000,921000,195000,7
414,Kiger,RXZ TURBO MT,Renault,Petrol,2021,KA-14,Manual,1,27839,Benga,15093,772000,930000,158000,2
415,Kwid,RXT 1.0 (O),Renault,Petrol,2018,KA-50,Manual,2,64592,Bengaluru,6647,340000,349000,9000,5
416,Kwid,RXT 0.8 (O),Renault,Petrol,2016,KA-51,Manual,1,66707,Bengaluru,6354,325000,345000,20000,7
417,Kwid,RXT 0.8,Renault,Petrol,2017,KA-51,Manual,1,16808,Bengaluru,7488,383000,388000,5000,6
418,Kwid,RXT 0.8,Renault,Petrol,2017,KA-08,Manual,1,56637,Benga,6510,333000,367000,34000,6
419,TRIBER,RXZ,Renault,Petrol,2020,KA-51,Manual,1,52442,Bengaluru,13036,666800,693000,26200,3
420,Kiger,RXZ 1.0 MT,Renault,Petrol,2021,KA-04,Manual,1,12233,Bengaluru,15054,770000,902000,132000,2
421,Duster,85 PS RXL DIESEL,Renault,Diesel,2015,KA-51,Manual,1,87360,Bengaluru,12708,650000,663000,13000,8
422,Kwid,RXT 1.0 EASY-R  ATAutomatic,Renault,Petrol,2018,KA-53,Automatic,2,74133,Bengaluru,7370,377000,438000,61000,5
423,Kwid,CLIMBER 1.0 (O),Renault,Petrol,2020,KA-16,Manual,3,43285,Bengaluru,8641,442000,515000,73000,3
424,Duster,RXS CVTAutomatic,Renault,Petrol,2018,KA-53,Automatic,1,56443,Bengaluru,15054,770000,837000,67000,5
425,Kwid,1.0 CLIMBER OPT,Renault,Petrol,2021,KA-50,Manual,1,41968,Bengaluru,9267,474000,530000,56000,2
426,Pulse,RX L DIESEL,Renault,Diesel,2014,KA-51,Manual,1,83271,Bengaluru,6569,336000,371000,35000,9
427,Kwid,RXT 1.0 AMT (O)Automatic,Renault,Petrol,2018,KA-17,Automatic,2,72220,Bengaluru,7625,390000,390000,0,5
428,Duster,RXL PETROL,Renault,Petrol,2017,KA-41,Manual,1,38520,Bengaluru,14760,755000,826000,71000,6
429,Kwid,RXT 1.0 (O),Renault,Petrol,2019,KA-50,Manual,1,26039,Bengaluru,8172,418000,463000,45000,4
430,Duster,RXZ 1.5 PETROL MT,Renault,Petrol,2020,KA-03,Manual,2,20600,Bengaluru,18082,950000,1113000,163000,3
431,Tiago,XZ PETROL,Tata,Petrol,2016,KA-41,Manual,1,43179,Bengaluru,9580,490000,548000,58000,7
432,Tiago,XZA PLUS PETROLAutomatic,Tata,Petrol,2021,KA-51,Automatic,1,35683,Bengaluru,13177,674000,719000,45000,2
433,Bolt,XM REVOTRON,Tata,Petrol,2015,KA-51,Manual,3,58472,Bengaluru,6197,317000,357000,40000,8
434,Harrier,XZ PLUS 2.0L DUAL TONE,Tata,Diesel,2021,KA-03,Manual,1,27068,Bengaluru,38011,1997000,1997000,0,2
435,Tiago,XE PETROL,Tata,Petrol,2016,KA-02,Manual,1,101386,Bengaluru,6843,350000,373000,23000,7
436,Tiago,XZA PETROLAutomatic,Tata,Petrol,2017,KA-02,Automatic,1,45408,Bengaluru,9110,466000,512000,46000,6
437,NEXON,XZ+ 1.5,Tata,Diesel,2019,KA-05,Manual,1,67271,Bengaluru,15627,821000,1010000,189000,4
438,Tiago,XE PETROL,Tata,Petrol,2017,KA-04,Manual,1,38063,Bengaluru,8016,410000,457000,47000,6
439,ALTROZ,XE PETROL,Tata,Petrol,2021,KA-51,Manual,1,29964,Benga,12786,654000,671000,17000,2
440,Tiago,XZ PETROL,Tata,Petrol,2018,KA-41,Manual,2,36692,Bengaluru,9130,467000,516000,49000,5
441,TIGOR,XM PETROL,Tata,Petrol,2018,KA-25,Manual,1,55652,Bengaluru,9521,487000,521000,34000,5
442,Tiago,XZ PETROL,Tata,Petrol,2016,KA-05,Manual,2,77017,Bengaluru,7912,404700,417000,12300,7
443,Zest,XMA F-TRONIC DIESELAutomatic,Tata,Diesel,2015,KA-05,Automatic,1,72004,Bengaluru,8739,447000,528000,81000,8
444,Tiago,XZ PETROL,Tata,Petrol,2018,KA-51,Manual,2,38272,Bengaluru,9247,473000,529000,56000,5
445,NEXON,XZA PLUS DIESELAutomatic,Tata,Diesel,2021,KA-17,Automatic,1,32154,Bengaluru,18653,980000,1030000,50000,2
446,ALTROZ,XZ PETROL,Tata,Petrol,2020,KA-51,Manual,1,45295,Benga,14760,755000,824000,69000,3
447,NEXON,XZ PLUS PETROL,Tata,Petrol,2023,KA-41,Manual,1,19034,Bengaluru,19910,1046000,1126000,80000,0
448,Tiago,XZ PETROL,Tata,Petrol,2016,KA-03,Manual,2,78959,Bengaluru,8934,457000,499000,42000,7
449,NEXON,XZA PLUS DIESELAutomatic,Tata,Diesel,2019,KA-53,Automatic,2,57898,Bengaluru,17074,897000,905000,8000,4
450,Zest,XMA F-TRONIC DIESELAutomatic,Tata,Diesel,2015,KA-02,Automatic,1,116242,Bengaluru,8348,427000,467000,40000,8
451,Go,A,Datsun,Petrol,2019,KA-50,Manual,2,26250,Bengaluru,5533,283000,310000,27000,4
452,Go,T(O) 1.0,Datsun,Petrol,2017,KA-05,Manual,1,46031,Bengaluru,5435,278000,335000,57000,6
453,Go,T (O),Datsun,Petrol,2016,KA-01,Manual,1,40818,Bengaluru,4946,253000,265000,12000,7
454,Go,S 1.0 AMTAutomatic,Datsun,Petrol,2018,KA-05,Automatic,1,38396,Bengaluru,6784,347000,381000,34000,5
455,Go,T(O) 1.0 AMTAutomatic,Datsun,Petrol,2020,KA-01,Automatic,1,4512,Bengaluru,10088,516000,522000,6000,3
456,Go,T(O) 1.0,Datsun,Petrol,2017,KA-01,Manual,1,33357,Bengaluru,6295,322000,341000,19000,6
457,Go,1.0 T(O),Datsun,Petrol,2018,KA-19,Manual,1,6488,Bengaluru,6835,349599,349599,0,5
458,Go,T,Datsun,Petrol,2014,KA-53,Manual,1,65504,Bengaluru,5251,268599,279699,11100,9
459,Go,T,Datsun,Petrol,2014,KA-51,Manual,1,78416,Bengaluru,4624,236499,236499,0,9
460,Go,T (O),Datsun,Petrol,2021,KA-09,Manual,1,1828,Bengaluru,8798,449999,449999,0,2
461,Polo,COMFORTLINE 1.2L PETROL,Volkswagen,Petrol,2010,KA-03,Manual,2,52771,Bengaluru,6667,341000,354000,13000,13
462,Ameo,HIGHLINE1.2L,Volkswagen,Petrol,2016,KA-51,Manual,2,142245,Bengaluru,8387,429000,464000,35000,7
463,Polo,COMFORTLINE 1.2L,Volkswagen,Petrol,2016,KA-05,Manual,3,56550,Bengaluru,10498,537000,570000,33000,7
464,Polo,COMFORTLINE 1.5L,Volkswagen,Diesel,2017,KA-53,Manual,3,69062,Bengaluru,12708,650000,672000,22000,6
465,Polo,GT TSI ATAutomatic,Volkswagen,Petrol,2016,KA-09,Automatic,2,96698,Bengaluru,13724,702000,738000,36000,7
466,Ameo,HIGHLINE DSG 1.5 DIESEL Automatic,Volkswagen,Diesel,2017,KA-41,Automatic,2,78752,Bengaluru,10909,558000,640000,82000,6
467,Ameo,HIGHLINE1.5L,Volkswagen,Diesel,2016,KA-05,Manual,1,80155,Bengaluru,10655,545000,577000,32000,7
468,Ameo,HIGHLINE1.2L PLUS 16 ALLOY,Volkswagen,Petrol,2018,KA-04,Manual,1,35791,Bengaluru,12141,621000,659000,38000,5
469,Ameo,HIGHLINE1.2L,Volkswagen,Petrol,2017,KA-05,Manual,1,59897,Bengaluru,10753,550000,636000,86000,6
470,Polo,GT TSI ATAutomatic,Volkswagen,Petrol,2016,KA-06,Automatic,2,113800,Bengaluru,14057,719000,725000,6000,7
471,VIRTUS,TOPLINE TSI 1.0 ATAutomatic,Volkswagen,Petrol,2022,KA-09,Automatic,1,11880,Bengaluru,30683,1612000,1718000,106000,1
472,Vento,HIGHLINE PETROL ATAutomatic,Volkswagen,Petrol,2016,KA-03,Automatic,1,71642,Bengaluru,13275,679000,828000,149000,7
473,Ameo,HIGHLINE PLUS 1.5L AT 16 ALLOYAutomatic,Volkswagen,Diesel,2017,KA-25,Automatic,2,87012,Bengaluru,11535,590000,661000,71000,6
474,TAIGUN,GT 1.5 TSI MT,Volkswagen,Petrol,2022,KA-55,Manual,1,16255,Bengaluru,28399,1492000,1575000,83000,1
475,Vento,HIGHLINE TDI ATAutomatic,Volkswagen,Diesel,2015,KA-04,Automatic,1,75377,Bengaluru,13763,704000,874000,170000,8
476,Polo,HIGHLINE DIESEL,Volkswagen,Diesel,2014,KA-53,Manual,2,100761,Bengaluru,12375,633000,680000,47000,9
477,Vento,HIGHLINE PETROL ATAutomatic,Volkswagen,Petrol,2016,KA-01,Automatic,2,48079,Bengaluru,14584,746000,801000,55000,7
478,Vento,HIGHLINE PETROL ATAutomatic,Volkswagen,Petrol,2016,KA-09,Automatic,2,50816,Bengaluru,13998,716000,813000,97000,7
479,TAIGUN,TOPLINE 1.0 TSI MT,Volkswagen,Petrol,2022,KA-03,Manual,1,5356,Bengaluru,29807,1566000,1690000,124000,1
480,Vento,HIGHLINE PETROL ATAutomatic,Volkswagen,Petrol,2016,KA-04,Automatic,1,80842,Bengaluru,15284,803000,860000,57000,7
481,FREESTYLE,TREND 1.5 DIESEL,Ford,Diesel,2018,KA-03,Manual,2,87777,Bengaluru,10792,552000,610000,58000,5
482,Ecosport,TITANIUM + 1.5L DIESEL,Ford,Diesel,2018,KA-04,Manual,2,46250,Bengaluru,15608,820000,820000,0,5
483,Ecosport,TITANIUM + 1.5L PETROL,Ford,Petrol,2020,KA-02,Manual,1,14618,Bengaluru,17892,940000,1010000,70000,3
484,Ecosport,TREND+ 1.5L DIESEL,Ford,Diesel,2018,KA-03,Manual,3,36261,Bengaluru,14115,722000,745000,23000,5
485,Ecosport,TITANIUM 1.5L PETROL,Ford,Petrol,2016,KA-03,Manual,2,19397,Bengaluru,12923,661000,720000,59000,7
486,Ecosport,TITANIUM 1.5L PETROL ATAutomatic,Ford,Petrol,2015,KA-05,Automatic,2,42710,Bengaluru,12414,635000,678000,43000,8
487,Ecosport,TREND 1.5L PETROL,Ford,Petrol,2017,KA-36,Manual,1,80390,Bengaluru,11867,607000,658000,51000,6
488,Ecosport,TITANIUM + 1.5L PETROL,Ford,Petrol,2018,KA-02,Manual,2,6492,Bengaluru,17568,923000,969000,46000,5
489,Ecosport,TITANIUM 1.5L DIESEL,Ford,Diesel,2016,KA-09,Manual,2,74380,Bengaluru,12708,650000,684000,34000,7
490,Ecosport,TITANIUM + 1.5L PETROL ATAutomatic,Ford,Petrol,2020,KA-04,Automatic,1,31724,Bengaluru,18311,962000,1193000,231000,3
491,Ecosport,TITANIUM 1.5L DIESEL,Ford,Diesel,2018,KA-05,Manual,2,35922,Bengaluru,15646,822000,854000,32000,5
492,Ecosport,TITANIUM + 1.5L PETROL,Ford,Petrol,2018,KA-03,Manual,1,36916,Bengaluru,15874,834000,861000,27000,5
493,Ecosport,TITANIUM 1.5L PETROL ATAutomatic,Ford,Petrol,2016,KA-51,Automatic,2,49068,Bengaluru,13646,698000,746000,48000,7
494,Ecosport,TITANIUM 1.5L PETROL ATAutomatic,Ford,Petrol,2017,KA-05,Automatic,2,85126,Bengaluru,13685,700000,767000,67000,6
495,Ecosport,TITANIUM + 1.5L PETROL ATAutomatic,Ford,Petrol,2018,KA-51,Automatic,2,12623,Bengaluru,17131,900000,918000,18000,5
496,Ecosport,TITANIUM 1.5L PETROL ATAutomatic,Ford,Petrol,2018,KA-04,Automatic,2,43481,Bengaluru,15284,803000,958000,155000,5
497,Ecosport,TITANIUM 1.5L DIESEL,Ford,Diesel,2017,KA-03,Manual,1,48743,Bengaluru,15112,773000,848000,75000,6
498,Ecosport,AMBIENTE 1.5L PETROL,Ford,Petrol,2017,HR-13,Manual,2,40031,Bengaluru,12903,660000,660000,0,6
499,FREESTYLE,TITANIUM 1.5 DIESEL,Ford,Diesel,2020,KA-19,Manual,1,35642,Bengaluru,15601,798000,813000,15000,3
500,Ecosport,TITANIUM 1.5L DIESEL,Ford,Diesel,2017,KA-02,Manual,2,46860,Bengaluru,15034,769000,795000,26000,6
501,SELTOS,HTK PLUS 1.5,KIA,Petrol,2020,KA-07,Manual,2,44431,Bengaluru,20290,1066000,1066000,0,3
502,SELTOS,GTX + AT PETROLAutomatic,KIA,Petrol,2019,KA-51,Automatic,1,38093,Bengaluru,29484,1549000,1881000,332000,4
503,CARENS,LUXURY PLUS 1.4 PETROL DCT 6 STRAutomatic,KIA,Petrol,2022,KA-35,Automatic,1,22767,Bengaluru,32491,1707000,1795000,88000,1
504,SELTOS,HTX 1.5 PETROL,KIA,Petrol,2022,KA-05,Manual,1,10845,Bengaluru,26933,1415000,1492000,77000,1
505,SELTOS,GTK 1.4 PETROL,KIA,Petrol,2019,KA-04,Manual,1,91486,Bengaluru,21432,1126000,1184000,58000,4
506,SONET,GTX PLUS 1.0 IMT,KIA,Petrol,2021,KA-03,Manual,1,16626,Bengaluru,22574,1186000,1264000,78000,2
507,SONET,GTX PLUS 1.5 ATAutomatic,KIA,Diesel,2020,KA-51,Automatic,1,34990,Bengaluru,25030,1315000,1387000,72000,3
508,SELTOS,HTK PLUS 1.5 DIESEL,KIA,Diesel,2020,KA-51,Manual,2,11840,Bengaluru,25601,1345000,1465000,120000,3
509,SELTOS,HTX PLUS 1.5 DIESEL,KIA,Diesel,2021,KA-05,Manual,1,52779,Bengaluru,28170,1480000,1561000,81000,2
510,SELTOS,HTX PLUS 1.5 DIESEL,KIA,Diesel,2021,KA-03,Manual,1,47344,Bengaluru,28456,1495000,1575000,80000,2
511,SONET,HTX PLUS 1.0 IMT,KIA,Petrol,2021,KA-51,Manual,1,36352,Bengaluru,21984,1155000,1219000,64000,2
512,SONET,GTX PLUS 1.0 IMT,KIA,Petrol,2022,KA-03,Manual,1,7616,Bengaluru,24801,1303000,1371000,68000,1
513,SELTOS,X LINE 1.4 PETROL DCTAutomatic,KIA,Petrol,2021,KA-20,Automatic,1,81321,Benga,30327,1593300,1698000,104700,2
514,SELTOS,HTK PLUS 1.5,KIA,Petrol,2021,KA-06,Manual,1,17329,Benga,20633,1084000,1153000,69000,2
515,SELTOS,HTK PLUS 1.5 DIESEL,KIA,Diesel,2020,KA-51,Manual,1,39377,Bengaluru,24249,1274000,1287000,13000,3
516,SELTOS,GTK 1.4 PETROL,KIA,Petrol,2019,KA-41,Manual,1,36307,Bengaluru,22567,1185600,1258000,72400,4
517,SELTOS,GTK 1.4 PETROL,KIA,Petrol,2019,KA-53,Manual,1,42345,Bengaluru,22574,1186000,1241000,55000,4
518,SELTOS,GTX 1.4 PETROL,KIA,Petrol,2019,KA-03,Manual,1,28117,Bengaluru,25924,1362000,1419000,57000,4
519,SELTOS,GTX 1.4 PETROL,KIA,Petrol,2019,KA-03,Manual,1,38723,Bengaluru,24116,1267000,1314000,47000,4
520,Rapid,ELEGANCE 1.6 TDI CR MT,Skoda,Diesel,2011,KA-03,Manual,2,93538,Bengaluru,7449,381000,381000,0,12
521,Rapid,1.5 TDI MT AMBITION,Skoda,Diesel,2017,KA-52,Manual,2,48960,Benga,14682,751000,863000,112000,6
522,Kodiaq,STYLE 2.0 TDI 4X4 ATAutomatic,Skoda,Diesel,2017,KA-01,Automatic,2,89723,Bengaluru,40181,2111000,2132000,21000,6
523,Rapid,1.5 TDI CR ELEGANCE ATAutomatic,Skoda,Diesel,2015,KA-51,Automatic,1,107208,Bengaluru,9853,504000,536000,32000,8
524,Rapid,AMBITION 1.6 MPI MT,Skoda,Petrol,2017,KA-01,Manual,2,124707,Bengaluru,12180,623000,697000,74000,6
525,Rapid,1.5 TDI AT  Ambition PlusAutomatic,Skoda,Diesel,2015,KA-01,Automatic,2,93424,Bengaluru,10127,518000,554000,36000,8
526,SLAVIA,AMBITION 1.0L TSI MT,Skoda,Petrol,2022,KA-05,Manual,1,7281,Bengaluru,25582,1344000,1449000,105000,1
527,Rapid,AMBITION AT TSIAutomatic,Skoda,Petrol,2021,KA-51,Automatic,1,29517,Benga,19834,1042000,1194000,152000,2
528,Rapid,STYLE 1.5 TDI ATAutomatic,Skoda,Diesel,2017,KA-19,Automatic,1,105925,Bengaluru,16826,884000,884000,0,6
529,Rapid,STYLE 1.5 TDI ATAutomatic,Skoda,Diesel,2017,KA-03,Automatic,1,75037,Bengaluru,17664,928000,997000,69000,6
530,Rapid,AMBITION 1.6 MPI MT,Skoda,Petrol,2017,KA-03,Manual,1,36024,Bengaluru,13666,699000,797000,98000,6
531,Compass,SPORT 2.0 DIESEL,Jeep,Diesel,2018,KA-53,Manual,1,79040,Bengaluru,23583,1239000,1331000,92000,5
532,Compass,SPORT 2.0 DIESEL,Jeep,Diesel,2019,KA-04,Manual,1,38529,Bengaluru,27352,1437000,1499000,62000,4
533,Compass,LIMITED (O) 1.4 PETROL ATAutomatic,Jeep,Petrol,2018,KA-01,Automatic,3,18610,Bengaluru,26495,1392000,1469000,77000,5
534,Compass,LIMITED 1.4 ATAutomatic,Jeep,Petrol,2017,KA-01,Automatic,1,22590,Bengaluru,32156,1689399,1689399,0,6
535,Compass,2.0 LONGITUDE (O),Jeep,Diesel,2018,KA-03,Manual,1,13092,Bengaluru,30422,1598299,1737099,138800,5
536,Compass,LIMITED 1.4 ATAutomatic,Jeep,Petrol,2017,KA-03,Automatic,2,14094,Bengaluru,29748,1562899,1562899,0,6
537,Compass,2.0 LONGITUDE,Jeep,Diesel,2018,KA-14,Manual,1,90912,Bengaluru,25658,1348000,1539000,191000,5
538,Compass,LIMITED (O) 2.0,Jeep,Diesel,2018,KA-03,Manual,2,32894,Bengaluru,28054,1473899,1574699,100800,5
539,Compass,2.0 LIMITED PLUS,Jeep,Diesel,2019,KA-01,Manual,2,16052,Bengaluru,35085,1843299,1925699,82400,4
540,Compass,LIMITED O 1.4 ATAutomatic,Jeep,Petrol,2018,KA-04,Automatic,1,51628,Bengaluru,31450,1652299,1715699,63400,5
541,Swift,VXI,Maruti,Petrol,2016,TN-02,Manual,1,48870,Chennai,10225,523000,554000,31000,7
542,Swift,ZXI,Maruti,Petrol,2021,TN-06,Manual,1,15922,Chennai,13626,697000,697000,0,2
543,Swift,VXI,Maruti,Petrol,2013,TN-11,Manual,3,88122,Chennai,7194,368000,414000,46000,10
544,800,LXI,Maruti,Petrol,2015,TN-19,Manual,2,111283,Chennai,4555,233000,274000,41000,8
545,Ritz,ZXI,Maruti,Petrol,2011,TN-22,Manual,1,81738,Chennai,5572,285000,310000,25000,12
546,Baleno,ZETA PETROL 1.2,Maruti,Petrol,2017,TN-22,Manual,1,48362,Chennai,12336,631000,631000,0,6
547,800,LXI,Maruti,Petrol,2014,TN-12,Manual,2,43088,Chennai,4770,244000,273000,29000,9
548,Swift,ZXI,Maruti,Petrol,2017,TN-02,Manual,1,35149,Chennai,11183,572000,627000,55000,6
549,Dzire,VXI,Maruti,Petrol,2017,TN-05,Manual,1,12360,Chennai,12981,664000,673000,9000,6
550,800,VXI O,Maruti,Petrol,2016,TN-07,Manual,3,21665,Chennai,5455,279000,304000,25000,7
551,Dzire,VXI (O),Maruti,Petrol,2016,TN-09,Manual,1,56176,Chennai,9795,501000,576000,75000,7
552,Baleno,ALPHA PETROL 1.2,Maruti,Petrol,2016,TN-13,Manual,1,82653,Chennai,11515,589000,632000,43000,7
553,Baleno,DELTA PETROL 1.2,Maruti,Petrol,2019,TN-20,Manual,2,82171,Chennai,11222,574000,663000,89000,4
554,Celerio,VXI (O),Maruti,Petrol,2016,TN-11,Manual,3,69437,Chennai,7155,366000,421000,55000,7
555,Swift,VXI,Maruti,Petrol,2015,TN-13,Manual,1,89183,Chennai,9013,461000,511000,50000,8
556,Swift,VDI,Maruti,Diesel,2013,TN-22,Manual,1,96165,Chennai,8524,436000,475000,39000,10
557,Wagon-R,ZXI PLUS 1.2 DUAL TONE,Maruti,Petrol,2022,TN-36,Manual,1,4756,Chennai,11613,594000,659000,65000,1
558,Baleno,ALPHA PETROL 1.2,Maruti,Petrol,2017,TN-14,Manual,3,36573,Chennai,11007,563000,634000,71000,6
559,Cross,SIGMA 1.5,Maruti,Petrol,2021,TN-85,Manual,1,11323,Chennai,16274,855000,915000,60000,2
560,Ciaz,ALPHA 1.4 PETROL,Maruti,Petrol,2017,TN-06,Manual,2,104073,Chennai,11026,564000,661000,97000,6
561,i20,SPORTZ (O) 1.2,Hyundai,Petrol,2011,TN-02,Manual,3,50046,Chennai,5885,301000,301000,0,12
562,VENUE,S 1.2,Hyundai,Petrol,2022,TN-11,Manual,1,39761,Chennai,16293,856000,881000,25000,1
563,Eon,ERA PLUS (O),Hyundai,Petrol,2017,TN-11,Manual,1,55913,Chennai,6823,349000,349000,0,6
564,i10,SPORTZ 1.2 KAPPA VTVT,Hyundai,Petrol,2017,TN-14,Manual,1,66613,Chennai,10381,531000,567000,36000,6
565,Verna,FLUIDIC 4S 1.6 VTVT SX,Hyundai,Petrol,2016,TN-05,Manual,1,41659,Chennai,12532,641000,666000,25000,7
566,i20,MAGNA 1.2,Hyundai,Petrol,2014,TN-03,Manual,2,35325,Chennai,9501,486000,536000,50000,9
567,i20,SPORTZ 1.4 CRDI,Hyundai,Diesel,2014,TN-02,Manual,3,76697,Chennai,9482,485000,539000,54000,9
568,i10,MAGNA 1.1,Hyundai,Petrol,2016,TN-11,Manual,1,41514,Chennai,7429,380000,391000,11000,7
569,i20,ASTA 1.2,Hyundai,Petrol,2014,TN-14,Manual,2,83423,Chennai,9325,477000,528000,51000,9
570,i10,MAGNA 1.2,Hyundai,Petrol,2011,TN-22,Manual,1,45851,Chennai,5630,288000,288000,0,12
571,Eon,MAGNA +,Hyundai,Petrol,2018,TN-19,Manual,2,57231,Chennai,6510,333000,364000,31000,5
572,Active,1.2 SX,Hyundai,Petrol,2016,TN-22,Manual,1,26523,Chennai,11984,613000,706000,93000,7
573,i10,MAGNA 1.2,Hyundai,Petrol,2013,TN-04,Manual,2,72949,Chennai,5963,305000,340000,35000,10
574,Xcent,S 1.2,Hyundai,Petrol,2016,TN-85,Manual,2,59532,Chennai,8778,449000,475000,26000,7
575,Eon,ERA PLUS (O),Hyundai,Petrol,2016,TN-01,Manual,2,53253,Chennai,5630,288000,310000,22000,7
576,VENUE,S+ 1.2,Hyundai,Petrol,2020,TN-11,Manual,2,25343,Chennai,15582,797000,864000,67000,3
577,i10,MAGNA 1.2,Hyundai,Petrol,2013,TN-12,Manual,1,107580,Chennai,5689,291000,311000,20000,10
578,i20,SPORTZ 1.2,Hyundai,Petrol,2016,TN-04,Manual,2,94348,Chennai,9677,495000,554000,59000,7
579,Active,1.4 S,Hyundai,Diesel,2016,TN-04,Manual,2,80805,Chennai,11085,567000,614000,47000,7
580,Verna,SX (O) 1.0 TURBO DCTAutomatic,Hyundai,Petrol,2020,TN-06,Automatic,1,29180,Chennai,24402,1282000,1409000,127000,3
581,City,1.5L I-VTEC SV,Honda,Petrol,2016,TN-12,Manual,1,101599,Chennai,11085,567000,613000,46000,7
582,City,1.5L I-DTEC SV,Honda,Diesel,2015,TN-01,Manual,1,119887,Chennai,11574,592000,610000,18000,8
583,Amaze,1.2 SMT I VTEC,Honda,Petrol,2019,TN-09,Manual,2,34715,Chennai,11593,593000,709000,116000,4
584,City,1.5L I-VTEC S MT,Honda,Petrol,2014,TN-04,Manual,2,85490,Chennai,9638,493000,511000,18000,9
585,City,1.5L I-VTEC SV CVTAutomatic,Honda,Petrol,2014,TN-04,Automatic,3,101092,Chennai,9521,487000,540000,53000,9
586,City,1.5L I-VTEC V MT,Honda,Petrol,2016,TN-22,Manual,1,81007,Chennai,11593,593000,634000,41000,7
587,City,1.5L I-VTEC S MT,Honda,Petrol,2016,TN-07,Manual,2,115054,Chennai,11711,599000,599000,0,7
588,Jazz,1.2L I-VTEC V,Honda,Petrol,2018,TN-03,Manual,2,22066,Chennai,11613,594000,672000,78000,5
589,City,1.5L I-VTEC V MT 4TH GEN,Honda,Petrol,2021,TN-99,Manual,2,27377,Chennai,16864,886000,918000,32000,2
590,City,1.5L I-VTEC S ATAutomatic,Honda,Petrol,2013,TN-01,Automatic,2,108898,Chennai,8192,419000,453000,34000,10
591,Amaze,1.2L I-VTEC S CVTAutomatic,Honda,Petrol,2021,TN-05,Automatic,1,62630,Chennai,15932,837000,844000,7000,2
592,Amaze,1.2L I-VTEC VX,Honda,Petrol,2014,TN-22,Manual,2,76597,Chennai,7879,403000,427000,24000,9
593,Brio,VX MT,Honda,Petrol,2016,TN-68,Manual,2,101271,Chennai,7253,371000,411000,40000,7
594,WR-V,1.2L I-VTEC VX MT,Honda,Petrol,2019,TN-13,Manual,2,46566,Chennai,13529,692000,794000,102000,4
595,Jazz,1.2L I-VTEC VX,Honda,Petrol,2015,TN-12,Manual,1,48579,Chennai,9892,506000,574000,68000,8
596,Amaze,1.5L I-DTEC SX,Honda,Diesel,2015,TN-73,Manual,1,102002,Chennai,9013,461000,490000,29000,8
597,City,1.5L I-VTEC VX,Honda,Petrol,2020,TN-12,Manual,2,37481,Chennai,19929,1047000,1134000,87000,3
598,Amaze,1.2L I-VTEC S ATAutomatic,Honda,Petrol,2016,TN-14,Automatic,1,49682,Chennai,10166,520000,568000,48000,7
599,City,1.5L I-VTEC V MT,Honda,Petrol,2017,TN-07,Manual,2,22286,Chennai,15621,799000,858000,59000,6
600,Jazz,1.2L I-VTEC ZX,Honda,Petrol,2020,TN-09,Manual,1,33945,Chennai,15288,782000,840000,58000,3
601,TRIBER,RXL MT,Renault,Petrol,2021,TN-12,Manual,1,61308,Chennai,11926,610000,610000,0,2
602,Kwid,RXT 1.0 (O),Renault,Petrol,2019,TN-22,Manual,1,39276,Chennai,6882,352000,384000,32000,4
603,TRIBER,RXT,Renault,Petrol,2020,TN-07,Manual,1,34858,Chennai,13196,675000,715000,40000,3
604,Kwid,RXT 0.8,Renault,Petrol,2016,TN-01,Manual,2,72679,Chennai,6315,323000,348000,25000,7
605,Kwid,RXT 0.8,Renault,Petrol,2016,TN-04,Manual,2,58155,Chennai,6178,316000,316000,0,7
606,TRIBER,RXZ,Renault,Petrol,2020,TN-13,Manual,2,46233,Chennai,12708,650000,712000,62000,3
607,TRIBER,RXL MT,Renault,Petrol,2021,TN-12,Manual,1,23539,Chennai,12551,642000,674000,32000,2
608,Duster,RXE PETROL,Renault,Petrol,2018,TN-02,Manual,2,61426,Chennai,13255,678000,711000,33000,5
609,Kwid,RXL,Renault,Petrol,2021,TN-18,Manual,1,10732,Chennai,8543,437000,452000,15000,2
610,Kwid,RXL 1.0,Renault,Petrol,2022,TN-02,Manual,1,14023,Chennai,8817,451000,480000,29000,1
611,Kwid,RXT 1.0 AMT (O)Automatic,Renault,Petrol,2020,TN-06,Automatic,1,16178,Chennai,9931,508000,550000,42000,3
612,Kwid,RXT 0.8,Renault,Petrol,2016,TN-11,Manual,1,48113,Chennai,6725,344000,352000,8000,7
613,Kiger,RXZ 1.0 TURBO MT,Renault,Petrol,2021,TN-23,Manual,1,36390,Chennai,15989,840000,955000,115000,2
614,Duster,110 PS RXZ 4X4 MT DIESEL,Renault,Diesel,2018,TN-10,Manual,1,73048,Chennai,16693,877000,885000,8000,5
615,Duster,RXZ CVT 1.3 TURBOAutomatic,Renault,Petrol,2021,TN-23,Automatic,1,13193,Chennai,24364,1280000,1515000,235000,2
616,TRIBER,RXL MT,Renault,Petrol,2021,TN-73,Manual,1,27925,Chennai,12923,661000,672000,11000,2
617,Kwid,RXT 0.8,Renault,Petrol,2016,TN-10,Manual,2,54538,Chennai,6530,334000,334000,0,7
618,Kwid,RXT 1.0 (O),Renault,Petrol,2019,TN-11,Manual,1,55415,Chennai,7879,403000,459000,56000,4
619,Kwid,RXT 0.8,Renault,Petrol,2016,TN-12,Manual,1,60799,Chennai,6549,335000,364000,29000,7
620,TRIBER,RXZ,Renault,Petrol,2020,TN-12,Manual,1,76898,Chennai,12825,656000,726000,70000,3
621,Tiago,XZ PETROL,Tata,Petrol,2018,TN-19,Manual,2,38562,Chennai,8837,452000,475000,23000,5
622,Tiago,XT PETROL,Tata,Petrol,2021,TN-61,Manual,2,40397,Chennai,11320,579000,590000,11000,2
623,Tiago,XZ PETROL,Tata,Petrol,2017,TN-10,Manual,1,65287,Chennai,8465,433000,458000,25000,6
624,PUNCH,ACCOMPLISHED MT,Tata,Petrol,2023,TN-85,Manual,1,6872,Chennai,15073,771000,813000,42000,0
625,PUNCH,CREATIVE AMT 1.2 RTN DUAL TONEAutomatic,Tata,Petrol,2021,TN-31,Automatic,1,24354,Chennai,15288,782000,839000,57000,2
626,PUNCH,ADVENTURE MT,Tata,Petrol,2022,TN-73,Manual,1,36035,Chennai,13587,695000,705000,10000,1
627,Tiago,XE PETROL,Tata,Petrol,2020,TN-05,Manual,1,40531,Chennai,9697,496000,525000,29000,3
628,NEXON,XZ PLUS (O) PETROL,Tata,Petrol,2021,TN-11,Manual,1,16455,Chennai,18444,969000,1041000,72000,2
629,Tiago,XZA PLUS DUAL TONE PETROLAutomatic,Tata,Petrol,2020,TN-74,Automatic,1,12011,Chennai,12669,648000,725000,77000,3
630,ALTROZ,XZ PLUS I-TURBO PETROL,Tata,Petrol,2021,TN-11,Manual,1,15957,Chennai,15542,795000,837000,42000,2
631,PUNCH,CREATIVE  AMTAutomatic,Tata,Petrol,2021,TN-01,Automatic,1,9664,Chennai,15475,813000,854000,41000,2
632,Harrier,XTA 2.0L KRYOTEC PLUSAutomatic,Tata,Diesel,2021,TN-01,Automatic,1,17209,Chennai,36241,1904000,2054000,150000,2
633,TIGOR,XZA PETROLAutomatic,Tata,Petrol,2018,TN-14,Automatic,2,39542,Chennai,10889,557000,567000,10000,5
634,Tiago,XZ PLUS PETROL,Tata,Petrol,2020,TN-22,Manual,1,31679,Chennai,11065,566000,636000,70000,3
635,NEXON,XZA PLUS DIESEL DARK EDITIONAutomatic,Tata,Diesel,2021,TN-49,Automatic,1,29514,Chennai,20833,1094500,1154000,59500,2
636,Harrier,XZ 2.0L,Tata,Diesel,2019,TN-10,Manual,1,34965,Chennai,28494,1497000,1555000,58000,4
637,TIGOR,XZ PLUS PETROL,Tata,CNG,2022,TN-87,Manual,1,60478,Chennai,14115,722000,768000,46000,1
638,NEXON,XM PETROL,Tata,Petrol,2018,TN-14,Manual,1,38334,Chennai,13705,701000,724000,23000,5
639,NEXON,XZA PLUS (O) PETROLAutomatic,Tata,Petrol,2020,TN-11,Automatic,2,42036,Chennai,17702,930000,1043000,113000,3
640,Tiago,XM PETROL,Tata,Petrol,2018,TN-48,Manual,1,69684,Chennai,8700,445000,445000,0,5
641,Go,T,Datsun,Petrol,2017,TN-25,Manual,3,38734,Chennai,5846,299000,307000,8000,6
642,Plus,T,Datsun,CNG,2016,TN-09,Manual,1,53184,Chennai,6999,358000,383000,25000,7
643,Go,T(O),Datsun,Petrol,2019,TN-85,Manual,2,46116,Chennai,7683,393000,444000,51000,4
644,Plus,T,Datsun,Petrol,2018,TN-18,Manual,1,25119,Chennai,7566,387000,402000,15000,5
645,Plus,A(O),Datsun,Petrol,2019,TN-04,Manual,1,71413,Chennai,7742,396000,425000,29000,4
646,Go,S,Datsun,Petrol,2016,TN-01,Manual,1,61126,Chennai,4946,253000,270000,17000,7
647,Go,A,Datsun,Petrol,2021,TN-14,Manual,1,14811,Chennai,7761,397000,404000,7000,2
648,Go,T (O),Datsun,Petrol,2018,TN-05,Manual,1,50995,Chennai,6471,331000,331000,0,5
649,Plus,T,Datsun,Petrol,2019,TN-85,Manual,2,62493,Chennai,9568,489400,519000,29600,4
650,Go,A,Datsun,Petrol,2019,TN-03,Manual,1,21614,Chennai,6100,312000,334000,22000,4
651,Plus,T,Datsun,Petrol,2018,TN-45,Manual,1,44542,Chennai,8094,414000,437000,23000,5
652,Go,T (O),Datsun,Petrol,2021,TN-12,Manual,1,49254,Chennai,7683,393000,458000,65000,2
653,Plus,T,Datsun,Petrol,2018,TN-09,Manual,1,14668,Chennai,8309,425000,469000,44000,5
654,Go,A Optional,Datsun,Petrol,2019,TN-77,Manual,1,85674,Chennai,7840,401000,528000,127000,4
655,Plus,T,Datsun,Petrol,2018,TN-14,Manual,1,17003,Chennai,8367,428000,444000,16000,5
656,Go,T CVTAutomatic,Datsun,Petrol,2019,TN-31,Automatic,1,29708,Chennai,9208,471000,520000,49000,4
657,Go,T (O),Datsun,Petrol,2017,TN-18,Manual,1,52524,Chennai,5767,295000,301000,6000,6
658,Go,T (O),Datsun,Petrol,2018,TN-23,Manual,1,91261,Chennai,5865,300000,325000,25000,5
659,Go,T (O),Datsun,Petrol,2019,TN-09,Manual,1,55019,Chennai,6041,309000,320000,11000,4
660,Go,A,Datsun,Petrol,2021,TN-12,Manual,1,24077,Chennai,7820,400000,400000,0,2
661,Vento,HIGHLINE DIESEL 1.6,Volkswagen,Diesel,2014,TN-01,Manual,2,110659,Chennai,8485,434000,460000,26000,9
662,Vento,HIGHLINE 1.6 MPI,Volkswagen,Petrol,2011,TN-10,Manual,2,98263,Chennai,6764,346000,369000,23000,12
663,Polo,HIGHLINE1.5L,Volkswagen,Diesel,2016,TN-69,Manual,3,81009,Chennai,11417,584000,623000,39000,7
664,Polo,COMFORTLINE  CUP EDITION,Volkswagen,Petrol,2019,TN-81,Manual,1,94931,Chennai,13020,666000,666000,0,4
665,Vento,COMFORTLINE 1.6,Volkswagen,Petrol,2016,TN-01,Manual,2,90403,Chennai,10557,540000,590000,50000,7
666,Polo,HIGHLINE1.2L,Volkswagen,Petrol,2016,TN-01,Manual,2,61583,Chennai,11105,568000,621000,53000,7
667,Ameo,HIGHLINE1.5L,Volkswagen,Diesel,2016,TN-22,Manual,2,103651,Chennai,10029,513000,550000,37000,7
668,Polo,COMFORTLINE PLUS 1.0L MPI,Volkswagen,Petrol,2020,TN-06,Manual,2,41873,Chennai,14408,737000,751000,14000,3
669,VIRTUS,HIGHLINE TSI 1.0 MT,Volkswagen,Petrol,2022,TN-13,Manual,1,22239,Chennai,24287,1276000,1332000,56000,1
670,Polo,COMFORTLINE 1.0L MPI,Volkswagen,Petrol,2019,TN-91,Manual,1,36992,Chennai,13294,680000,692000,12000,4
671,Ameo,HIGHLINE1.2L,Volkswagen,Petrol,2017,TN-22,Manual,1,84005,Chennai,11163,571000,617000,46000,6
672,Vento,HIGHLINE 1.5 ATAutomatic,Volkswagen,Diesel,2017,TN-07,Automatic,2,86403,Chennai,14076,720000,740000,20000,6
673,Vento,HIGHLINE PLUS 1.0L TSI ATAutomatic,Volkswagen,Petrol,2020,TN-72,Automatic,2,38464,Chennai,19472,1023000,1210000,187000,3
674,Polo,HIGHLINE PLUS 1.5 16 ALLOY,Volkswagen,Diesel,2017,TN-18,Manual,1,78792,Chennai,13372,684000,684000,0,6
675,TAIGUN,GT PLUS 1.5 TSI DSGAutomatic,Volkswagen,Petrol,2021,TN-04,Automatic,1,18655,Chennai,30892,1623000,1734000,111000,2
676,Vento,HIGHLINE PLUS 1.2 AT 16 ALLOYAutomatic,Volkswagen,Petrol,2019,TN-49,Automatic,1,67433,Chennai,17740,932000,1002000,70000,4
677,Polo,HIGHLINE PLUS 1.5 16 ALLOY,Volkswagen,Diesel,2018,TN-07,Manual,2,106275,Chennai,14272,730000,758000,28000,5
678,Vento,HIGHLINE PETROL ATAutomatic,Volkswagen,Petrol,2016,TN-99,Automatic,1,91700,Chennai,14096,721000,728000,7000,7
679,VIRTUS,TOPLINE TSI 1.0 ATAutomatic,Volkswagen,Petrol,2022,TN-60,Automatic,1,13176,Chennai,30226,1588000,1714000,126000,1
680,TAIGUN,TOPLINE 1.0 TSI MT,Volkswagen,Petrol,2022,TN-07,Manual,1,4977,Chennai,28818,1514000,1635000,121000,1
681,Ecosport,TITANIUM 1.5L PETROL,Ford,Petrol,2017,TN-14,Manual,1,70996,Chennai,11652,596000,645000,49000,6
682,FREESTYLE,TITANIUM 1.2 PETROL,Ford,Petrol,2018,TN-72,Manual,1,64425,Chennai,11750,601000,630000,29000,5
683,FREESTYLE,TITANIUM 1.5 DIESEL,Ford,Diesel,2018,TN-12,Manual,1,37584,Chennai,11887,608000,686000,78000,5
684,Aspire,TITANIUM 1.2 PETROL,Ford,Petrol,2021,TN-22,Manual,1,23529,Chennai,13959,714000,732000,18000,2
685,Ecosport,TITANIUM 1.5L PETROL,Ford,Petrol,2017,TN-12,Manual,3,61120,Chennai,11065,566000,627000,61000,6
686,Figo,TITANIUM PLUS 1.2 PETROL ATAutomatic,Ford,Petrol,2021,TN-07,Automatic,1,13923,Chennai,14467,740000,817000,77000,2
687,Ecosport,TITANIUM + 1.5L PETROL ATAutomatic,Ford,Petrol,2020,TN-11,Automatic,3,30015,Chennai,16369,860000,880000,20000,3
688,FREESTYLE,AMBIENTE 1.5 DIESEL,Ford,Diesel,2019,TN-73,Manual,2,83778,Chennai,10538,539000,581000,42000,4
689,FREESTYLE,TITANIUM PLUS 1.2 PETROL,Ford,Petrol,2020,TN-11,Manual,1,40469,Chennai,12004,614000,671000,57000,3
690,Ecosport,TREND 1.5L PETROL,Ford,Petrol,2020,TN-13,Manual,1,27062,Chennai,15034,769000,833000,64000,3
691,Ecosport,TITANIUM + 1.5L DIESEL,Ford,Diesel,2017,TN-14,Manual,3,67245,Chennai,13548,693000,726000,33000,6
692,Ecosport,TITANIUM 1.5L DIESEL (OPT),Ford,Diesel,2015,TN-14,Manual,2,106498,Chennai,10244,524000,534000,10000,8
693,Ecosport,1.0 ECOBOOST TITANIUM +,Ford,Petrol,2017,TN-12,Manual,1,34097,Chennai,13763,704000,856000,152000,6
694,Ecosport,AMBIENTE 1.5L PETROL,Ford,Petrol,2016,TN-13,Manual,2,111586,Chennai,10313,527500,574000,46500,7
695,Ecosport,TITANIUM 1.5L DIESEL,Ford,Diesel,2016,TN-22,Manual,1,106165,Chennai,13255,678000,692000,14000,7
696,Ecosport,TITANIUM + 1.5L PETROL ATAutomatic,Ford,Petrol,2018,TN-19,Automatic,2,25925,Chennai,15627,821000,829000,8000,5
697,FREESTYLE,TITANIUM 1.2 PETROL,Ford,Petrol,2020,TN-14,Manual,1,23608,Chennai,12669,648000,715000,67000,3
698,Ecosport,TREND + 1.5L PETROL ATAutomatic,Ford,Petrol,2018,TN-10,Automatic,1,92689,Chennai,12903,660000,713000,53000,5
699,Ecosport,TITANIUM 1.5L DIESEL,Ford,Diesel,2019,TN-14,Manual,1,54148,Chennai,15722,826000,843000,17000,4
700,Ecosport,TITANIUM 1.5L PETROL ATAutomatic,Ford,Petrol,2014,TN-11,Automatic,1,82620,Chennai,11163,571000,603000,32000,9
701,CARENS,LUXURY PLUS 1.4 PETROL 6 STR,KIA,Petrol,2022,TN-09,Manual,1,4710,Chennai,32301,1697000,1773000,76000,1
702,SELTOS,HTK PLUS 1.5 PETROL,KIA,Petrol,2020,TN-12,Manual,1,20813,Chennai,23286,1223399,1223399,0,3
703,SELTOS,HTX AT PETROLAutomatic,KIA,Petrol,2020,TN-13,Automatic,1,30758,Chennai,27693,1454899,1474499,19600,3
704,SELTOS,1.5 GTX+ ATAutomatic,KIA,Diesel,2020,TN-09,Automatic,1,58373,Chennai,29408,1545000,1545000,0,3
705,CARENS,PRESTIGE 1.4G MT 7STR,KIA,Petrol,2022,TN-11,Manual,1,1931,Chennai,24954,1310999,1388799,77800,1
706,SELTOS,HTX 1.5 DIESEL,KIA,Diesel,2019,TN-09,Manual,1,24971,Chennai,26267,1380000,1380000,0,4
707,SELTOS,1.4 GTX+ TURBO GDI PETROL ATAutomatic,KIA,Petrol,2020,TN-14,Automatic,1,16132,Chennai,30474,1601000,1601000,0,3
708,SONET,GTX PLUS 1.5D  MT,KIA,Diesel,2020,TN-12,Manual,1,32757,Chennai,22765,1196000,1248000,52000,3
709,SONET,GTX PLUS 1.5D  ATAutomatic,KIA,Diesel,2020,TN-12,Automatic,1,23012,Chennai,24782,1302000,1443000,141000,3
710,SELTOS,GTX + AT PETROLAutomatic,KIA,Petrol,2019,TN-11,Automatic,1,15887,Chennai,31736,1667299,1863499,196200,4
711,Rapid,AMBITION 1.5 TDI,Skoda,Diesel,2018,TN-04,Manual,1,73139,Chennai,14252,729000,811000,82000,5
712,Rapid,AMBITION 1.5 TDI,Skoda,Diesel,2019,TN-12,Manual,1,59465,Chennai,16236,853000,862000,9000,4
713,Rapid,MONTE CARLO TSI,Skoda,Petrol,2021,TN-19,Manual,1,34757,Chennai,20918,1099000,1131000,32000,2
714,Rapid,ELEGANCE 1.6 MPFI ATAutomatic,Skoda,Petrol,2016,TN-23,Automatic,2,99715,Chennai,13294,680000,781000,101000,7
715,SLAVIA,STYLE 1.5L TSI DSGAutomatic,Skoda,Petrol,2022,TN-19,Automatic,1,27524,Chennai,33862,1779000,1902000,123000,1
716,Rapid,ELEGANCE 1.6 MPI MT,Skoda,Petrol,2013,TN-01,Manual,3,96727,Chennai,7214,369000,395000,26000,10
717,Rapid,STYLE 1.6 MPI MT,Skoda,Petrol,2019,TN-02,Manual,1,38220,Chennai,17553,922199,922199,0,4
718,Rapid,STYLE 1.6 MPI MT,Skoda,Petrol,2018,TN-11,Manual,1,38702,Chennai,15532,816000,909000,93000,5
719,Rapid,Style 1.5 TDI ATAutomatic,Skoda,Diesel,2017,TN-05,Automatic,1,61107,Chennai,18006,946000,951000,5000,6
720,Rapid,Style 1.5 TDI ATAutomatic,Skoda,Diesel,2018,TN-01,Automatic,1,82091,Chennai,20205,1061499,1061499,0,5
721,Compass,LIMITED 1.4 PETROL ATAutomatic,Jeep,Petrol,2018,TN-41,Automatic,3,38603,Chennai,23964,1259000,1312000,53000,5
722,Compass,LIMITED 2.0 DIESEL,Jeep,Diesel,2018,TN-14,Manual,2,92184,Chennai,22080,1160000,1220000,60000,5
723,Compass,LIMITED 1.4 PETROL ATAutomatic,Jeep,Petrol,2018,TN-01,Automatic,1,88923,Chennai,23659,1243000,1285000,42000,5
724,Compass,LIMITED PLUS PETROL ATAutomatic,Jeep,Petrol,2020,TN-09,Automatic,1,33089,Chennai,34360,1805200,1886000,80800,3
725,Compass,LONGITUDE 2.0 DIESEL,Jeep,Diesel,2017,TN-10,Manual,2,49397,Chennai,21737,1142000,1190000,48000,6
726,Compass,2.0 LIMITED,Jeep,Diesel,2018,TN-05,Manual,1,52297,Chennai,25056,1316399,1401099,84700,5
727,Compass,LIMITED O 1.4 ATAutomatic,Jeep,Petrol,2018,TN-04,Automatic,1,36930,Chennai,25241,1326099,1446099,120000,5
728,Compass,2.0 LIMITED,Jeep,Diesel,2017,TN-12,Manual,1,25656,Chennai,24706,1298000,1298000,0,6
729,Compass,LIMITED 2.0 4*4,Jeep,Diesel,2017,TN-14,Manual,1,47373,Chennai,27904,1466000,1740000,274000,6
730,Compass,2.0 LIMITED,Jeep,Diesel,2018,TN-04,Manual,1,35842,Chennai,27226,1430399,1430399,0,5
732,Swift,VDI ABS,Maruti,Diesel,2016,MP-09,Manual,2,97062,Mori,7976,408000,472000,64000,7
733,Dzire,VXI,Maruti,Petrol,2015,MP-09,Manual,1,51273,Mori,9071,464000,523000,59000,8
734,K10,LXI,Maruti,Petrol,2011,MP-19,Manual,1,30681,Mori,4106,210000,221000,11000,12
735,Swift,VDI,Maruti,Diesel,2019,MP-09,Manual,3,68447,Mori,11476,587000,679000,92000,4
736,PRESSO,VXI,Maruti,Petrol,2019,MP-09,Manual,1,65546,Mori,7175,367000,451000,84000,4
737,Baleno,DELTA PETROL 1.2,Maruti,Petrol,2016,MP-09,Manual,1,35748,Mori,9228,472000,559000,87000,7
738,Celerio,VXI,Maruti,Petrol,2016,MP-04,Manual,1,123998,Mori,6061,310000,347000,37000,7
739,Brezza,LDI (O),Maruti,Diesel,2017,MP-09,Manual,1,99717,Mori,11926,610000,690000,80000,6
740,Swift,VXI,Maruti,Petrol,2018,MP-09,Manual,1,47004,Mori,10049,514000,613000,99000,5
741,Ciaz,ZXI,Maruti,Petrol,2014,MP-09,Manual,1,118159,Mori,8778,449000,516000,67000,9
742,Dzire,VXI (O),Maruti,Petrol,2016,MP-04,Manual,1,49004,Mori,10088,516000,591000,75000,7
743,Swift,VXI AMTAutomatic,Maruti,Petrol,2018,MP-04,Automatic,1,40098,Mori,10088,516000,619000,103000,5
744,Swift,LXI,Maruti,Petrol,2019,MP-04,Manual,1,30011,Mori,10733,549000,549000,0,4
745,Celerio,VXI AMTAutomatic,Maruti,Petrol,2014,MP-04,Automatic,1,25719,Mori,7390,378000,403000,25000,9
746,Baleno,ZETA PETROL 1.2,Maruti,CNG,2021,MP-09,Manual,1,35261,Mori,14369,735000,790000,55000,2
747,Swift,VXI O,Maruti,Petrol,2016,MP-04,Manual,1,59481,Mori,8934,457000,526000,69000,7
748,Alto,VXI,Maruti,Petrol,2019,MP-04,Manual,1,98233,Mori,6530,334000,361000,27000,4
749,IGNIS,SIGMA 1.2,Maruti,Petrol,2022,MP-04,Manual,1,4472,Mori,9912,507000,568000,61000,1
751,Verna,FLUIDIC 1.6 VTVT SX,Hyundai,Petrol,2012,MP-04,Manual,1,70228,Mori,7742,396000,396000,0,11
752,i20,MAGNA EXECUTIVE 1.2,Hyundai,Petrol,2018,MP-04,Manual,2,56838,Mori,9365,479000,554000,75000,5
753,Verna,1.4 EX PETROL,Hyundai,CNG,2017,MP-09,Manual,1,40220,Mori,13568,694000,768000,74000,6
754,Verna,1.4 VTVT,Hyundai,Petrol,2016,MP-04,Manual,2,78213,Mori,8446,432000,470000,38000,7
755,Eon,ERA +,Hyundai,Petrol,2012,MP-04,Manual,1,50372,Mori,3793,194000,225000,31000,11
756,i20,MAGNA 1.2,Hyundai,Petrol,2017,MP-16,Manual,3,65023,Mori,8602,440000,522000,82000,6
757,Eon,ERA +,Hyundai,Petrol,2018,MP-05,Manual,1,57485,Mori,5357,274000,339000,65000,5
758,Xing,GL PLUS,Hyundai,Petrol,2011,MP-09,Manual,2,73284,Mori,3656,187000,222000,35000,12
759,i20,MAGNA 1.4 CRDI,Hyundai,Diesel,2015,MP-13,Manual,2,2,Mori,8719,446000,476000,30000,8
760,Xcent,E+,Hyundai,Petrol,2018,MP-09,Manual,1,41716,Mori,9580,490000,570000,80000,5
761,i10,SPORTZ 1.2 KAPPA VTVT,Hyundai,Petrol,2017,MP-04,Manual,1,32367,Mori,8055,412000,502000,90000,6
762,i10,ASTA 1.2 KAPPA VTVT,Hyundai,Petrol,2015,MP-04,Manual,1,88905,Mori,7761,397000,486000,89000,8
763,VENUE,SX 1.0 TURBO,Hyundai,Petrol,2019,MP-04,Manual,1,29243,Mori,16617,873000,899000,26000,4
764,Eon,ERA +,Hyundai,CNG,2019,MP-07,Manual,1,84957,Mori,5982,306000,344000,38000,4
765,Eon,ERA +,Hyundai,Petrol,2016,MP-04,Manual,1,53055,Mori,4956,253500,324000,70500,7
766,i10,MAGNA 1.2,Hyundai,Petrol,2011,MP-20,Manual,1,54404,Mori,4712,241000,280000,39000,12
767,Verna,1.6 CRDI SX,Hyundai,Diesel,2017,MP-04,Manual,1,89885,Mori,15582,797000,863000,66000,6
768,i20,SPORTZ 1.2,Hyundai,Petrol,2017,MP-04,Manual,1,48393,Mori,10049,514000,614000,100000,6
769,Xing,GL PLUS,Hyundai,Petrol,2013,MP-04,Manual,2,59109,Mori,4145,212000,248000,36000,10
770,i20,SPORTZ 1.2,Hyundai,Petrol,2018,MP-09,Manual,1,68944,Mori,10498,537000,593000,56000,5
771,City,1.5L I-VTEC S MT,Honda,Petrol,2014,MP-20,Manual,1,101754,Mori,8367,428000,477000,49000,9
772,City,1.5L I-VTEC V MT,Honda,Petrol,2018,MP-09,Manual,1,20263,Mori,14017,717000,817000,100000,5
773,City,1.5L I-VTEC V MT,Honda,Petrol,2015,MP-09,Manual,1,46836,Mori,10753,550000,674000,124000,8
774,City,1.5L I-VTEC S MT,Honda,Petrol,2018,MP-09,Manual,1,64824,Mori,12043,616000,674000,58000,5
775,Brio,S MT,Honda,Petrol,2015,MP-09,Manual,2,41595,Mori,6256,320000,373000,53000,8
776,Brio,S MT,Honda,Petrol,2013,MP-04,Manual,1,66139,Mori,5728,293000,329000,36000,10
777,WR-V,1.2L I-VTEC VX MT,Honda,Petrol,2019,MP-09,Manual,1,45119,Mori,14799,757000,856000,99000,4
778,Amaze,1.2 SMT I VTEC,Honda,Petrol,2017,MP-04,Manual,1,57971,Indore,8524,436000,500000,64000,6
779,Jazz,1.2L I-VTEC BASE,Honda,Petrol,2011,MP-09,Manual,1,60939,Mori,4829,247000,247000,0,12
780,BR-V,1.5L I-VTEC VX,Honda,Petrol,2017,MP-09,Manual,1,26283,Mori,12512,640000,698000,58000,6
781,Duster,85 PS RXS MT DIESEL,Renault,Diesel,2017,MP-04,Manual,1,103331,Mori,11105,568000,637000,69000,6
782,Kwid,RXT,Renault,Petrol,2018,MP-04,Manual,2,43158,Mori,5826,298000,355000,57000,5
783,TRIBER,RXL MT,Renault,Petrol,2019,MP-09,Manual,2,40131,Mori,10068,515000,515000,0,4
784,Duster,110 PS RXL DIESEL,Renault,Diesel,2012,MP-09,Manual,1,79121,Mori,6373,326000,345000,19000,11
785,Kwid,RXT 1.0,Renault,Petrol,2017,MP-04,Manual,1,30803,Mori,6139,314000,343000,29000,6
786,Kwid,RXT 1.0 (O),Renault,Petrol,2018,MP-04,Manual,1,25121,Mori,7058,361000,397000,36000,5
787,Duster,85 PS RXL DIESEL,Renault,Diesel,2014,MP-04,Manual,2,89206,Indore,8602,440000,440000,0,9
788,Kiger,RXZ MT DUAL TONE,Renault,Petrol,2021,MP-04,Manual,1,13481,Mori,14330,733000,856000,123000,2
789,Kwid,RXL,Renault,Petrol,2019,MP-41,Manual,2,44536,Mori,5357,274000,291000,17000,4
790,Kwid,RXL,Renault,Petrol,2017,MP-09,Manual,1,67660,Mori,5396,276000,290000,14000,6
791,Tiago,XE PETROL,Tata,Petrol,2017,MP-04,Manual,2,33353,Mori,7664,392000,441000,49000,6
792,NEXON,XM DIESEL,Tata,Diesel,2019,MP-09,Manual,1,110321,Mori,11926,610000,672000,62000,4
793,Tiago,XZA PETROLAutomatic,Tata,CNG,2018,MP-09,Automatic,2,89615,Mori,8055,412000,462000,50000,5
794,NEXON,XM SUNROOF PETROL,Tata,Petrol,2022,MP-04,Manual,1,27869,Mori,16845,885000,885000,0,1
795,TIGOR,XM PETROL,Tata,Petrol,2019,MP-04,Manual,1,12862,Mori,9638,493000,545000,52000,4
796,Tiago,XT PETROL,Tata,Petrol,2018,MP-09,Manual,2,90387,Mori,7273,372000,407000,35000,5
797,Tiago,XT PETROL,Tata,Petrol,2017,MP-09,Manual,1,45236,Mori,7116,364000,364000,0,6
798,Tiago,XE PETROL,Tata,Petrol,2020,MP-04,Manual,1,29600,Mori,8524,436000,528000,92000,3
799,PUNCH,ACCOMPLISHED AMTAutomatic,Tata,Petrol,2022,MP-04,Automatic,1,1523,Mori,15151,775000,868000,93000,1
800,TIGOR,XT PETROL,Tata,Petrol,2018,MP-09,Manual,1,92811,Mori,7585,388000,453000,65000,5
801,Go,T (O),Datsun,Petrol,2017,MP-04,Manual,1,115401,Mori,3734,191000,222000,31000,6
802,Go,T,Datsun,Petrol,2014,MP-04,Manual,1,82410,Mori,3793,194000,208000,14000,9
803,Go,T(O),Datsun,Petrol,2019,MP-41,Manual,1,25591,Mori,7253,371000,444000,73000,4
804,Plus,T(O),Datsun,Petrol,2018,MP-09,Manual,1,15317,Mori,7898,404000,404000,0,5
805,Go,T (O),Datsun,Petrol,2017,MP-04,Manual,1,55770,Mori,4360,223000,239000,16000,6
806,Go,S,Datsun,Petrol,2016,MP-04,Manual,1,61761,Indore,5044,258000,264000,6000,7
807,Polo,HIGHLINE PLUS 1.2(16 ALLOY,Volkswagen,Petrol,2017,MP-09,Manual,1,58137,Mori,8719,446000,540000,94000,6
808,Polo,HIGHLINE PLUS 1.0L TSI,Volkswagen,Petrol,2020,MP-04,Manual,1,75545,Mori,12610,645000,725000,80000,3
809,Polo,COMFORTLINE 1.2L PETROL,Volkswagen,Petrol,2011,MP-09,Manual,1,56942,Mori,4770,244000,244000,0,12
810,Ameo,HIGHLINE1.2L PLUS 16 ALLOY,Volkswagen,Petrol,2017,MP-09,Manual,1,36225,Mori,9697,496000,559000,63000,6
811,Ameo,TRENDLINE 1.2L,Volkswagen,CNG,2017,MP-09,Manual,1,70139,Mori,7801,399000,446000,47000,6
812,Polo,COMFORTLINE 1.2L PETROL,Volkswagen,Petrol,2011,MP-04,Manual,1,50015,Indore,5044,258000,258000,0,12
813,Polo,COMFORTLINE 1.2L,Volkswagen,Petrol,2015,MP-09,Manual,2,62004,Mori,7918,405000,431000,26000,8
814,Polo,GT TSI ATAutomatic,Volkswagen,Petrol,2018,MP-04,Automatic,1,65233,Mori,14721,753000,831000,78000,5
815,Polo,GT TSI 1.2 PETROL ATAutomatic,Volkswagen,Petrol,2017,MP-04,Automatic,1,28397,Indore,15054,770000,800000,30000,6
816,Polo,TRENDLINE 1.2L PETROL,Volkswagen,Petrol,2010,MP-04,Manual,1,88968,Mori,4809,246000,254000,8000,13
817,Ecosport,TITANIUM 1.5L DIESEL,Ford,Diesel,2018,MP-04,Manual,1,100462,Mori,13099,670000,759000,89000,5
818,Ecosport,TITANIUM+ 1.5L DIESEL,Ford,Diesel,2017,MP-09,Manual,2,93866,Mori,11535,590000,721000,131000,6
819,FREESTYLE,TITANIUM PLUS 1.5 DIESEL,Ford,Diesel,2018,MP-04,Manual,1,71619,Mori,11261,576000,685000,109000,5
820,Ecosport,TREND+ 1.0L ECOBOOST,Ford,Petrol,2017,MP-04,Manual,1,87677,Mori,10694,547000,547000,0,6
821,FREESTYLE,TITANIUM PLUS 1.2 PETROL,Ford,Petrol,2021,MP-39,Manual,1,61260,Mori,13314,681000,775000,94000,2
822,FREESTYLE,TITANIUM 1.2 PETROL,Ford,Petrol,2019,MP-04,Manual,1,32784,Mori,10792,552000,629000,77000,4
823,FREESTYLE,TITANIUM 1.2 PETROL,Ford,Petrol,2019,MP-07,Manual,1,28416,Mori,11046,565000,639000,74000,4
824,Ecosport,TITANIUM 1.5L PETROL,Ford,Petrol,2019,MP-04,Manual,1,17705,Mori,13196,675000,675000,0,4
825,Ecosport,TITANIUM 1.5L PETROL,Ford,Petrol,2018,MP-04,Manual,1,67378,Mori,13372,684000,740000,56000,5
826,Ecosport,TITANIUM 1.5L PETROL,Ford,Petrol,2018,MP-09,Manual,2,49132,Mori,12004,614000,682000,68000,5
827,SELTOS,GTX 1.4 GDI AT PETROLAutomatic,KIA,Petrol,2019,MP-04,Automatic,1,22130,Indore,26419,1388000,1553000,165000,4
828,CARENS,LUXURY 1.5D MT 7STR,KIA,Diesel,2022,MP-09,Manual,1,24000,Indore,29404,1544800,1666000,121200,1
829,Rapid,STYLE 1.6 MPI ATAutomatic,Skoda,Petrol,2018,MP-09,Automatic,1,70893,Mori,15503,793000,876000,83000,5
830,Octavia,STYLE 2.0 TDI MT,Skoda,Diesel,2018,MP-09,Manual,1,95593,Mori,23412,1230000,1492000,262000,5
831,Rapid,AMBITION 1.6 MPI MT,Skoda,Petrol,2018,MP-09,Manual,1,33510,Mori,11574,592000,659000,67000,5
832,Compass,1.4 LIMITED PLUS ATAutomatic,Jeep,Petrol,2020,MP-09,Automatic,1,14522,Indore,36298,1907000,2009000,102000,3
